,symboling,normalized-losses,num-of-doors,wheel-base,length,width,height,curb-weight,num-of-cylinders,engine-size,bore,stroke,compression-ratio,horsepower,peak-rpm,city-mpg,highway-mpg,price,city-L/100km,diesel,gas,horsepower_ordinal,make_freq,aspiration_std,aspiration_turbo,body-style_convertible,body-style_hardtop,body-style_hatchback,body-style_sedan,body-style_wagon,drive-wheels_4wd,drive-wheels_awd,drive-wheels_fwd,drive-wheels_rwd,engine-location_front,engine-location_rear,engine-type_dohc,engine-type_l,engine-type_ohc,engine-type_ohcf,engine-type_ohcv,engine-type_rotor,fuel-system_1bbl,fuel-system_2bbl,fuel-system_4bbl,fuel-system_idi,fuel-system_mfi,fuel-system_mpfi,fuel-system_spdi,fuel-system_spfi
0,3,0.29842931937172773,two,0.05830903790087483,0.41343283582089585,0.8902777777777777,0.08333333333333348,0.41117145073700545,four,0.26037735849056604,3.47,0.29047619047619055,0.125,0.294392523364486,0.346938775510204,0.22222222222222215,0.2894736842105263,0.20795888982672162,0.48148148148148123,0,1,1.0,0.014925373134328358,1.0,0.0,1.0,0.0,0.0,0.0,0.0,0.0,0.0,0.0,1.0,1.0,0.0,1.0,0.0,0.0,0.0,0.0,0.0,0.0,0.0,0.0,0.0,0.0,1.0,0.0,0.0
1,3,0.29842931937172773,two,0.05830903790087483,0.41343283582089585,0.8902777777777777,0.08333333333333348,0.41117145073700545,four,0.26037735849056604,3.47,0.29047619047619055,0.125,0.294392523364486,0.346938775510204,0.22222222222222215,0.2894736842105263,0.2825579663373219,0.48148148148148123,0,1,1.0,0.014925373134328358,1.0,0.0,1.0,0.0,0.0,0.0,0.0,0.0,0.0,0.0,1.0,1.0,0.0,1.0,0.0,0.0,0.0,0.0,0.0,0.0,0.0,0.0,0.0,0.0,1.0,0.0,0.0
2,1,0.29842931937172773,two,0.23032069970845503,0.4492537313432834,0.9097222222222222,0.3833333333333333,0.5178432893716058,six,0.3433962264150943,2.68,0.6666666666666667,0.125,0.4953271028037383,0.346938775510204,0.16666666666666669,0.26315789473684204,0.2825579663373219,0.5701754385964912,0,1,1.0,0.014925373134328358,1.0,0.0,0.0,0.0,1.0,0.0,0.0,0.0,0.0,0.0,1.0,1.0,0.0,0.0,0.0,0.0,0.0,1.0,0.0,0.0,0.0,0.0,0.0,0.0,1.0,0.0,0.0
3,2,0.5183246073298429,four,0.3848396501457727,0.5298507462686568,0.9194444444444444,0.5416666666666665,0.3293250581846392,four,0.18113207547169813,3.19,0.6333333333333333,0.1875,0.2523364485981308,0.5510204081632655,0.3055555555555555,0.368421052631579,0.21925425748473265,0.3761574074074073,0,1,1.0,0.03482587064676617,1.0,0.0,0.0,0.0,0.0,1.0,0.0,0.0,0.0,1.0,0.0,1.0,0.0,0.0,0.0,1.0,0.0,0.0,0.0,0.0,0.0,0.0,0.0,0.0,1.0,0.0,0.0
4,2,0.5183246073298429,four,0.37317784256559783,0.5298507462686568,0.9222222222222224,0.5416666666666665,0.5182311869666407,five,0.2830188679245283,3.19,0.6333333333333333,0.0625,0.31308411214953275,0.5510204081632655,0.1388888888888889,0.1578947368421053,0.30614170100789434,0.6219135802469136,0,1,1.0,0.03482587064676617,1.0,0.0,0.0,0.0,0.0,1.0,0.0,1.0,0.0,0.0,0.0,1.0,0.0,0.0,0.0,1.0,0.0,0.0,0.0,0.0,0.0,0.0,0.0,0.0,1.0,0.0,0.0
5,2,0.29842931937172773,two,0.3848396501457727,0.5402985074626869,0.9208333333333332,0.4416666666666669,0.3952676493405741,five,0.2830188679245283,3.19,0.6333333333333333,0.09375,0.2897196261682243,0.5510204081632655,0.16666666666666669,0.23684210526315785,0.25152673650762125,0.5701754385964912,0,1,1.0,0.03482587064676617,1.0,0.0,0.0,0.0,0.0,1.0,0.0,0.0,0.0,1.0,0.0,1.0,0.0,0.0,0.0,1.0,0.0,0.0,0.0,0.0,0.0,0.0,0.0,0.0,1.0,0.0,0.0
6,1,0.486910994764398,four,0.5597667638483963,0.770149253731343,0.9916666666666668,0.6583333333333337,0.525989138867339,five,0.2830188679245283,3.19,0.6333333333333333,0.09375,0.2897196261682243,0.5510204081632655,0.16666666666666669,0.23684210526315785,0.3125961968124721,0.5701754385964912,0,1,1.0,0.03482587064676617,1.0,0.0,0.0,0.0,0.0,1.0,0.0,0.0,0.0,1.0,0.0,1.0,0.0,0.0,0.0,1.0,0.0,0.0,0.0,0.0,0.0,0.0,0.0,0.0,1.0,0.0,0.0
7,1,0.29842931937172773,four,0.5597667638483963,0.770149253731343,0.9916666666666668,0.6583333333333337,0.5686578743211792,five,0.2830188679245283,3.19,0.6333333333333333,0.09375,0.2897196261682243,0.5510204081632655,0.16666666666666669,0.23684210526315785,0.3426344272876223,0.5701754385964912,0,1,1.0,0.03482587064676617,1.0,0.0,0.0,0.0,0.0,0.0,1.0,0.0,0.0,1.0,0.0,1.0,0.0,0.0,0.0,1.0,0.0,0.0,0.0,0.0,0.0,0.0,0.0,0.0,1.0,0.0,0.0
8,1,0.486910994764398,four,0.5597667638483963,0.770149253731343,0.9916666666666668,0.6750000000000003,0.6198603568657874,five,0.2641509433962264,3.13,0.6333333333333333,0.08125000000000004,0.42990654205607476,0.5510204081632655,0.1111111111111111,0.10526315789473684,0.46564222233255553,0.6797385620915033,0,1,1.0,0.03482587064676617,0.0,1.0,0.0,0.0,0.0,1.0,0.0,0.0,0.0,1.0,0.0,1.0,0.0,0.0,0.0,1.0,0.0,0.0,0.0,0.0,0.0,0.0,0.0,0.0,1.0,0.0,0.0
9,2,0.6649214659685865,two,0.425655976676385,0.5328358208955222,0.8999999999999999,0.5416666666666665,0.35182311869666405,four,0.17735849056603775,3.5,0.3476190476190477,0.11250000000000004,0.24766355140186913,0.6734693877551019,0.27777777777777773,0.3421052631578947,0.28082021746685865,0.4082125603864734,0,1,0.0,0.04477611940298507,1.0,0.0,0.0,0.0,0.0,1.0,0.0,0.0,0.0,0.0,1.0,1.0,0.0,0.0,0.0,1.0,0.0,0.0,0.0,0.0,0.0,0.0,0.0,0.0,1.0,0.0,0.0
10,0,0.6649214659685865,four,0.425655976676385,0.5328358208955222,0.8999999999999999,0.5416666666666665,0.35182311869666405,four,0.17735849056603775,3.5,0.3476190476190477,0.11250000000000004,0.24766355140186913,0.6734693877551019,0.27777777777777773,0.3421052631578947,0.12789831686609404,0.4082125603864734,0,1,0.0,0.04477611940298507,1.0,0.0,0.0,0.0,0.0,1.0,0.0,0.0,0.0,0.0,1.0,1.0,0.0,0.0,0.0,1.0,0.0,0.0,0.0,0.0,0.0,0.0,0.0,0.0,1.0,0.0,0.0
11,0,0.6439790575916231,two,0.425655976676385,0.5328358208955222,0.8999999999999999,0.5416666666666665,0.474010861132661,six,0.38867924528301884,3.31,0.5333333333333334,0.125,0.34112149532710284,0.04081632653061229,0.22222222222222215,0.3157894736842105,0.3935256442083313,0.48148148148148123,0,1,1.0,0.04477611940298507,1.0,0.0,0.0,0.0,0.0,1.0,0.0,0.0,0.0,0.0,1.0,1.0,0.0,0.0,0.0,1.0,0.0,0.0,0.0,0.0,0.0,0.0,0.0,0.0,1.0,0.0,0.0
12,0,0.6439790575916231,four,0.425655976676385,0.5328358208955222,0.8999999999999999,0.5416666666666665,0.495345228859581,six,0.38867924528301884,3.31,0.5333333333333334,0.125,0.34112149532710284,0.04081632653061229,0.22222222222222215,0.3157894736842105,0.396877017029939,0.48148148148148123,0,1,1.0,0.04477611940298507,1.0,0.0,0.0,0.0,0.0,1.0,0.0,0.0,1.0,0.0,0.0,1.0,0.0,0.0,0.0,1.0,0.0,0.0,0.0,0.0,0.0,0.0,0.0,0.0,1.0,0.0,0.0
13,1,0.29842931937172773,four,0.49271137026239087,0.7149253731343284,0.9291666666666668,0.6583333333333337,0.6078355314197053,six,0.38867924528301884,3.31,0.5333333333333334,0.125,0.34112149532710284,0.04081632653061229,0.19444444444444448,0.23684210526315785,0.48277146119855024,0.523611111111111,0,1,1.0,0.04477611940298507,1.0,0.0,0.0,0.0,0.0,1.0,0.0,0.0,0.0,0.0,1.0,1.0,0.0,0.0,0.0,1.0,0.0,0.0,0.0,0.0,0.0,0.0,0.0,0.0,1.0,0.0,0.0
14,0,0.29842931937172773,four,0.49271137026239087,0.7149253731343284,0.9291666666666668,0.6583333333333337,0.6757176105508145,six,0.558490566037736,3.62,0.6285714285714288,0.0625,0.6261682242990654,0.5102040816326532,0.08333333333333331,0.1578947368421053,0.6365622362345464,0.7447916666666665,0,1,2.0,0.04477611940298507,1.0,0.0,0.0,0.0,0.0,1.0,0.0,0.0,0.0,0.0,1.0,1.0,0.0,0.0,0.0,1.0,0.0,0.0,0.0,0.0,0.0,0.0,0.0,0.0,1.0,0.0,0.0
15,0,0.29842931937172773,four,0.49271137026239087,0.7865671641791043,0.9430555555555556,0.4916666666666667,0.7339022498060512,six,0.558490566037736,3.62,0.6285714285714288,0.0625,0.6261682242990654,0.5102040816326532,0.08333333333333331,0.1578947368421053,0.8985899409165385,0.7447916666666665,0,1,2.0,0.04477611940298507,1.0,0.0,0.0,0.0,0.0,1.0,0.0,0.0,0.0,0.0,1.0,1.0,0.0,0.0,0.0,1.0,0.0,0.0,0.0,0.0,0.0,0.0,0.0,0.0,1.0,0.0,0.0
16,0,0.29842931937172773,four,0.6822157434402332,0.8343283582089556,0.9847222222222224,0.7083333333333335,0.7823894491854151,six,0.558490566037736,3.62,0.6285714285714288,0.0625,0.6261682242990654,0.5102040816326532,0.055555555555555525,0.10526315789473684,0.7884911374807606,0.8185185185185182,0,1,2.0,0.04477611940298507,1.0,0.0,0.0,0.0,0.0,1.0,0.0,0.0,0.0,0.0,1.0,1.0,0.0,0.0,0.0,1.0,0.0,0.0,0.0,0.0,0.0,0.0,0.0,0.0,1.0,0.0,0.0
17,2,0.29319371727748694,two,0.05247813411078761,0.0,0.8374999999999999,0.4500000000000006,0.0,three,0.0,2.91,0.4571428571428571,0.15625,0.0,0.3877551020408163,0.9444444444444444,0.9736842105263157,0.0008192244675040983,0.015366430260047304,0,1,0.0,0.014925373134328358,1.0,0.0,0.0,0.0,1.0,0.0,0.0,0.0,0.0,1.0,0.0,1.0,0.0,0.0,1.0,0.0,0.0,0.0,0.0,0.0,1.0,0.0,0.0,0.0,0.0,0.0,0.0
18,1,0.1727748691099476,two,0.23032069970845503,0.22089552238805998,0.8833333333333333,0.3500000000000001,0.14972847168347558,four,0.10943396226415092,3.03,0.49523809523809526,0.16249999999999998,0.10280373831775702,0.5102040816326532,0.6944444444444444,0.7105263157894737,0.029219006007646098,0.10453216374269009,0,1,0.0,0.014925373134328358,1.0,0.0,0.0,0.0,1.0,0.0,0.0,0.0,0.0,1.0,0.0,1.0,0.0,0.0,0.0,1.0,0.0,0.0,0.0,0.0,0.0,0.0,0.0,0.0,1.0,0.0,0.0
19,0,0.08376963350785338,four,0.23032069970845503,0.2641791044776123,0.8833333333333333,0.3500000000000001,0.1633048875096974,four,0.10943396226415092,3.03,0.49523809523809526,0.16249999999999998,0.10280373831775702,0.5102040816326532,0.6944444444444444,0.7105263157894737,0.03617000148949903,0.10453216374269009,0,1,0.0,0.014925373134328358,1.0,0.0,0.0,0.0,0.0,1.0,0.0,0.0,0.0,1.0,0.0,1.0,0.0,0.0,0.0,1.0,0.0,0.0,0.0,0.0,1.0,0.0,0.0,0.0,0.0,0.0,0.0
20,1,0.27748691099476436,two,0.20699708454810528,0.2417910447761198,0.8861111111111111,0.24999999999999956,0.15050426687354534,four,0.10943396226415092,2.97,0.5523809523809524,0.150625,0.2196261682242991,0.5510204081632655,0.6666666666666665,0.6578947368421053,0.01127054267414726,0.11711711711711725,0,1,0.0,0.04477611940298507,1.0,0.0,0.0,0.0,1.0,0.0,0.0,0.0,0.0,1.0,0.0,1.0,0.0,0.0,0.0,1.0,0.0,0.0,0.0,0.0,1.0,0.0,0.0,0.0,0.0,0.0,0.0
21,1,0.27748691099476436,two,0.20699708454810528,0.2417910447761198,0.8861111111111111,0.24999999999999956,0.15050426687354534,four,0.10943396226415092,2.97,0.5523809523809524,0.15000000000000002,0.09345794392523366,0.5510204081632655,0.49999999999999994,0.5789473684210527,0.03125465468447444,0.2096774193548387,0,1,0.0,0.04477611940298507,1.0,0.0,0.0,0.0,1.0,0.0,0.0,0.0,0.0,1.0,0.0,1.0,0.0,0.0,0.0,1.0,0.0,0.0,0.0,0.0,1.0,0.0,0.0,0.0,0.0,0.0,0.0
22,1,0.27748691099476436,two,0.20699708454810528,0.2417910447761198,0.8861111111111111,0.24999999999999956,0.24825446082234293,four,0.139622641509434,3.03,0.6285714285714288,0.03749999999999998,0.2523364485981308,0.5510204081632655,0.3055555555555555,0.368421052631579,0.07047812918921603,0.3761574074074073,0,1,1.0,0.04477611940298507,0.0,1.0,0.0,0.0,1.0,0.0,0.0,0.0,0.0,1.0,0.0,1.0,0.0,0.0,0.0,1.0,0.0,0.0,0.0,0.0,0.0,0.0,0.0,0.0,1.0,0.0,0.0
23,1,0.43455497382198954,four,0.20699708454810528,0.2417910447761198,0.8861111111111111,0.23333333333333384,0.18580294802172226,four,0.10943396226415092,2.97,0.5523809523809524,0.15000000000000002,0.09345794392523366,0.5510204081632655,0.49999999999999994,0.5789473684210527,0.0275805570726379,0.2096774193548387,0,1,0.0,0.04477611940298507,1.0,0.0,0.0,0.0,1.0,0.0,0.0,0.0,0.0,1.0,0.0,1.0,0.0,0.0,0.0,1.0,0.0,0.0,0.0,0.0,1.0,0.0,0.0,0.0,0.0,0.0,0.0
24,1,0.43455497382198954,four,0.20699708454810528,0.2417910447761198,0.8861111111111111,0.23333333333333384,0.1943366951124903,four,0.10943396226415092,2.97,0.5523809523809524,0.15000000000000002,0.09345794392523366,0.5510204081632655,0.49999999999999994,0.5789473684210527,0.039074524601558996,0.2096774193548387,0,1,0.0,0.04477611940298507,1.0,0.0,0.0,0.0,0.0,1.0,0.0,0.0,0.0,1.0,0.0,1.0,0.0,0.0,0.0,1.0,0.0,0.0,0.0,0.0,1.0,0.0,0.0,0.0,0.0,0.0,0.0
25,1,0.43455497382198954,four,0.20699708454810528,0.2417910447761198,0.8861111111111111,0.23333333333333384,0.1943366951124903,four,0.10943396226415092,2.97,0.5523809523809524,0.15000000000000002,0.09345794392523366,0.5510204081632655,0.49999999999999994,0.5789473684210527,0.06183903480462738,0.2096774193548387,0,1,0.0,0.04477611940298507,1.0,0.0,0.0,0.0,0.0,1.0,0.0,0.0,0.0,1.0,0.0,1.0,0.0,0.0,0.0,1.0,0.0,0.0,0.0,0.0,1.0,0.0,0.0,0.0,0.0,0.0,0.0
26,1,0.43455497382198954,four,0.20699708454810528,0.2417910447761198,0.8861111111111111,0.23333333333333384,0.2726920093095423,four,0.139622641509434,3.03,0.6285714285714288,0.03749999999999998,0.2523364485981308,0.5510204081632655,0.3055555555555555,0.368421052631579,0.08539794449133609,0.3761574074074073,0,1,1.0,0.04477611940298507,0.0,1.0,0.0,0.0,0.0,1.0,0.0,0.0,0.0,1.0,0.0,1.0,0.0,0.0,0.0,1.0,0.0,0.0,0.0,0.0,0.0,0.0,0.0,0.0,1.0,0.0,0.0
27,-1,0.23560209424083772,four,0.4868804664723032,0.5,0.8972222222222221,0.9999999999999996,0.40612878200155156,four,0.23018867924528302,3.34,0.661904761904762,0.09375,0.1869158878504673,0.346938775510204,0.3055555555555555,0.368421052631579,0.09440941363388114,0.3761574074074073,0,1,0.0,0.04477611940298507,1.0,0.0,0.0,0.0,0.0,0.0,1.0,0.0,0.0,1.0,0.0,1.0,0.0,0.0,0.0,1.0,0.0,0.0,0.0,0.0,1.0,0.0,0.0,0.0,0.0,0.0,0.0
28,3,0.41884816753926707,two,0.2711370262390673,0.4791044776119402,0.9208333333333332,0.20000000000000062,0.513188518231187,four,0.3584905660377358,3.6,0.8714285714285714,0.0,0.4532710280373831,0.346938775510204,0.16666666666666669,0.21052631578947367,0.1947768233950648,0.5701754385964912,0,1,1.0,0.04477611940298507,0.0,1.0,0.0,0.0,1.0,0.0,0.0,0.0,0.0,1.0,0.0,1.0,0.0,0.0,0.0,1.0,0.0,0.0,0.0,0.0,0.0,0.0,0.0,1.0,0.0,0.0,0.0
29,2,0.3769633507853403,two,0.0,0.052238805970149294,0.8875,0.24999999999999956,0.08727695888285492,four,0.11698113207547167,2.91,0.6380952380952383,0.16249999999999998,0.04672897196261683,0.26530612244897966,0.9999999999999998,1.0,0.033786803038578006,0.0,0,1,0.0,0.05970149253731343,1.0,0.0,0.0,0.0,1.0,0.0,0.0,0.0,0.0,1.0,0.0,1.0,0.0,0.0,0.0,1.0,0.0,0.0,0.0,1.0,0.0,0.0,0.0,0.0,0.0,0.0,0.0
30,2,0.3769633507853403,two,0.0,0.052238805970149294,0.8875,0.24999999999999956,0.12839410395655548,four,0.11698113207547167,2.91,0.6380952380952383,0.13749999999999996,0.13084112149532712,0.7551020408163265,0.49999999999999994,0.5789473684210527,0.043120996971351966,0.2096774193548387,0,1,0.0,0.03482587064676617,1.0,0.0,0.0,0.0,1.0,0.0,0.0,0.0,0.0,1.0,0.0,1.0,0.0,0.0,0.0,1.0,0.0,0.0,0.0,1.0,0.0,0.0,0.0,0.0,0.0,0.0,0.0
31,1,0.1884816753926702,two,0.20699708454810528,0.1328358208955227,0.8888888888888888,0.3999999999999999,0.1353762606671839,four,0.06792452830188678,2.91,0.4761904761904763,0.19374999999999998,0.05607476635514019,0.5510204081632655,0.6944444444444444,0.6842105263157894,0.006975820465716681,0.10453216374269009,0,1,0.0,0.05970149253731343,1.0,0.0,0.0,0.0,1.0,0.0,0.0,0.0,0.0,1.0,0.0,1.0,0.0,0.0,0.0,1.0,0.0,0.0,0.0,1.0,0.0,0.0,0.0,0.0,0.0,0.0,0.0
32,1,0.1884816753926702,two,0.20699708454810528,0.1328358208955227,0.8888888888888888,0.3999999999999999,0.1753297129557797,four,0.11698113207547167,2.91,0.6380952380952383,0.13749999999999996,0.13084112149532712,0.7551020408163265,0.47222222222222215,0.4736842105263157,0.035028052231766055,0.22870370370370358,0,1,0.0,0.05970149253731343,1.0,0.0,0.0,0.0,1.0,0.0,0.0,0.0,0.0,1.0,0.0,1.0,0.0,0.0,0.0,1.0,0.0,0.0,0.0,1.0,0.0,0.0,0.0,0.0,0.0,0.0,0.0
33,1,0.1884816753926702,two,0.20699708454810528,0.1328358208955227,0.8888888888888888,0.3999999999999999,0.18153607447633824,four,0.11698113207547167,2.91,0.6380952380952383,0.13749999999999996,0.13084112149532712,0.7551020408163265,0.47222222222222215,0.4736842105263157,0.049923042550022334,0.22870370370370358,0,1,0.0,0.05970149253731343,1.0,0.0,0.0,0.0,1.0,0.0,0.0,0.0,0.0,1.0,0.0,1.0,0.0,0.0,0.0,1.0,0.0,0.0,0.0,1.0,0.0,0.0,0.0,0.0,0.0,0.0,0.0
34,0,0.23560209424083772,four,0.2886297376093294,0.33283582089552244,0.8888888888888888,0.5583333333333331,0.20248254460822346,four,0.11698113207547167,2.91,0.6380952380952383,0.13749999999999996,0.13084112149532712,0.7551020408163265,0.47222222222222215,0.4736842105263157,0.05404398987140657,0.22870370370370358,0,1,0.0,0.05970149253731343,1.0,0.0,0.0,0.0,0.0,1.0,0.0,0.0,0.0,1.0,0.0,1.0,0.0,0.0,0.0,1.0,0.0,0.0,0.0,1.0,0.0,0.0,0.0,0.0,0.0,0.0,0.0
35,0,0.0680628272251309,four,0.2886297376093294,0.23880597014925353,0.8875,0.8749999999999996,0.20791311093871212,four,0.11698113207547167,2.92,0.6380952380952383,0.13749999999999996,0.13084112149532712,0.7551020408163265,0.47222222222222215,0.4736842105263157,0.12789831686609404,0.22870370370370358,0,1,0.0,0.05970149253731343,1.0,0.0,0.0,0.0,0.0,0.0,1.0,0.0,0.0,1.0,0.0,1.0,0.0,0.0,0.0,1.0,0.0,0.0,0.0,1.0,0.0,0.0,0.0,0.0,0.0,0.0,0.0
36,0,0.21465968586387435,two,0.2886297376093294,0.39402985074626873,0.9055555555555556,0.4583333333333335,0.29014740108611325,four,0.1849056603773585,3.15,0.7190476190476192,0.125,0.17757009345794394,0.6734693877551019,0.3888888888888889,0.4473684210526315,0.06893898018966288,0.294238683127572,0,1,0.0,0.05970149253731343,1.0,0.0,0.0,0.0,1.0,0.0,0.0,0.0,0.0,1.0,0.0,1.0,0.0,0.0,0.0,1.0,0.0,0.0,0.0,1.0,0.0,0.0,0.0,0.0,0.0,0.0,0.0
37,0,0.21465968586387435,two,0.2886297376093294,0.39402985074626873,0.9055555555555556,0.4583333333333335,0.3107059736229635,four,0.1849056603773585,3.15,0.7190476190476192,0.125,0.17757009345794394,0.6734693877551019,0.3888888888888889,0.4473684210526315,0.09872896082617547,0.294238683127572,0,1,0.0,0.05970149253731343,1.0,0.0,0.0,0.0,1.0,0.0,0.0,0.0,0.0,1.0,0.0,1.0,0.0,0.0,0.0,1.0,0.0,0.0,0.0,1.0,0.0,0.0,0.0,0.0,0.0,0.0,0.0
38,0,0.10471204188481675,four,0.2886297376093294,0.5119402985074628,0.9055555555555556,0.5249999999999999,0.31652443754848725,four,0.1849056603773585,3.15,0.7190476190476192,0.125,0.17757009345794394,0.6734693877551019,0.3888888888888889,0.4473684210526315,0.09252271486023533,0.294238683127572,0,1,0.0,0.05970149253731343,1.0,0.0,0.0,0.0,0.0,1.0,0.0,0.0,0.0,1.0,0.0,1.0,0.0,0.0,0.0,1.0,0.0,0.0,0.0,1.0,0.0,0.0,0.0,0.0,0.0,0.0,0.0
39,0,0.10471204188481675,four,0.2886297376093294,0.5119402985074628,0.8680555555555556,0.5249999999999999,0.34290147401086113,four,0.1849056603773585,3.15,0.7190476190476192,0.125,0.17757009345794394,0.6734693877551019,0.3888888888888889,0.4473684210526315,0.12851894146268805,0.294238683127572,0,1,0.0,0.05970149253731343,1.0,0.0,0.0,0.0,0.0,1.0,0.0,0.0,0.0,1.0,0.0,1.0,0.0,0.0,0.0,1.0,0.0,0.0,0.0,1.0,0.0,0.0,0.0,0.0,0.0,0.0,0.0
40,0,0.10471204188481675,four,0.2886297376093294,0.5119402985074628,0.9055555555555556,0.5249999999999999,0.3789759503491078,four,0.1849056603773585,3.15,0.7190476190476192,0.125,0.24766355140186913,0.6734693877551019,0.3055555555555555,0.3157894736842105,0.19430514870165333,0.3761574074074073,0,1,0.0,0.05970149253731343,1.0,0.0,0.0,0.0,0.0,1.0,0.0,0.0,0.0,1.0,0.0,1.0,0.0,0.0,0.0,1.0,0.0,0.0,0.0,0.0,0.0,0.0,0.0,0.0,1.0,0.0,0.0
41,1,0.21989528795811514,two,0.2886297376093294,0.4179104477611939,0.9166666666666666,0.26666666666666705,0.3122575640031032,four,0.1849056603773585,3.15,0.7190476190476192,0.13124999999999998,0.24299065420560745,0.5510204081632655,0.3333333333333333,0.39473684210526316,0.12976019065587607,0.3466666666666666,0,1,0.0,0.05970149253731343,1.0,0.0,0.0,0.0,0.0,1.0,0.0,0.0,0.0,1.0,0.0,1.0,0.0,0.0,0.0,1.0,0.0,0.0,0.0,0.0,1.0,0.0,0.0,0.0,0.0,0.0,0.0
42,0,0.29842931937172773,four,0.22448979591836737,0.4417910447761195,0.8583333333333333,0.4750000000000001,0.3293250581846392,four,0.18867924528301888,3.31,0.5523809523809524,0.09375,0.14018691588785048,0.26530612244897966,0.3055555555555555,0.3421052631578947,0.041383248100888725,0.3761574074074073,0,1,0.0,0.009950248756218905,1.0,0.0,0.0,0.0,0.0,1.0,0.0,0.0,0.0,0.0,1.0,1.0,0.0,0.0,0.0,1.0,0.0,0.0,0.0,0.0,1.0,0.0,0.0,0.0,0.0,0.0,0.0
43,2,0.29842931937172773,two,0.27405247813411115,0.4701492537313432,0.9055555555555556,0.30000000000000027,0.4833204034134988,four,0.2188679245283019,3.43,0.5523809523809524,0.13749999999999996,0.19626168224299068,0.346938775510204,0.3055555555555555,0.3421052631578947,0.14721215431209972,0.3761574074074073,0,1,0.0,0.009950248756218905,1.0,0.0,0.0,0.0,1.0,0.0,0.0,0.0,0.0,0.0,1.0,1.0,0.0,0.0,0.0,1.0,0.0,0.0,0.0,0.0,0.0,0.0,0.0,0.0,0.0,0.0,1.0
44,0,0.41884816753926707,four,0.7696793002915454,0.8731343283582089,0.9666666666666666,0.4166666666666665,1.0,six,0.7433962264150944,3.63,1.0,0.06874999999999998,0.5981308411214954,0.24489795918367352,0.055555555555555525,0.07894736842105265,0.6735514621915497,0.8185185185185182,0,1,2.0,0.014925373134328358,1.0,0.0,0.0,0.0,0.0,1.0,0.0,0.0,0.0,0.0,1.0,1.0,0.0,1.0,0.0,0.0,0.0,0.0,0.0,0.0,0.0,0.0,0.0,0.0,1.0,0.0,0.0
45,0,0.29842931937172773,four,0.7696793002915454,0.8731343283582089,0.9666666666666666,0.4166666666666665,1.0,six,0.7433962264150944,3.63,1.0,0.06874999999999998,0.5981308411214954,0.24489795918367352,0.055555555555555525,0.07894736842105265,0.7554739089419593,0.8185185185185182,0,1,2.0,0.014925373134328358,1.0,0.0,0.0,0.0,0.0,1.0,0.0,0.0,0.0,0.0,1.0,1.0,0.0,1.0,0.0,0.0,0.0,0.0,0.0,0.0,0.0,0.0,0.0,0.0,1.0,0.0,0.0
46,0,0.29842931937172773,two,0.44897959183673475,0.7552238805970148,0.9805555555555556,0.0,0.9550038789759503,twelve,1.0,3.54,0.3285714285714285,0.28125,0.9999999999999998,0.346938775510204,0.0,0.02631578947368418,0.7666451516806514,1.0000000000000002,0,1,0.0,0.014925373134328358,1.0,0.0,0.0,0.0,0.0,1.0,0.0,0.0,0.0,0.0,1.0,1.0,0.0,0.0,0.0,0.0,0.0,1.0,0.0,0.0,0.0,0.0,0.0,0.0,1.0,0.0,0.0
47,1,0.20418848167539266,two,0.18950437317784274,0.26865671641791034,0.8916666666666667,0.5249999999999999,0.15593483320403412,four,0.1132075471698113,3.03,0.5142857142857142,0.125,0.09345794392523366,0.346938775510204,0.47222222222222215,0.39473684210526316,0.0019115237575095534,0.22870370370370358,0,1,0.0,0.0845771144278607,1.0,0.0,0.0,0.0,1.0,0.0,0.0,0.0,0.0,1.0,0.0,1.0,0.0,0.0,0.0,1.0,0.0,0.0,0.0,0.0,1.0,0.0,0.0,0.0,0.0,0.0,0.0
48,1,0.20418848167539266,two,0.18950437317784274,0.26865671641791034,0.8916666666666667,0.5249999999999999,0.15981380915438326,four,0.1132075471698113,3.03,0.5142857142857142,0.125,0.09345794392523366,0.346938775510204,0.49999999999999994,0.5789473684210527,0.024254009234893986,0.2096774193548387,0,1,0.0,0.0845771144278607,1.0,0.0,0.0,0.0,1.0,0.0,0.0,0.0,0.0,1.0,0.0,1.0,0.0,0.0,0.0,1.0,0.0,0.0,0.0,0.0,1.0,0.0,0.0,0.0,0.0,0.0,0.0
49,1,0.20418848167539266,two,0.18950437317784274,0.26865671641791034,0.8916666666666667,0.5249999999999999,0.16175329712955777,four,0.1132075471698113,3.03,0.5142857142857142,0.125,0.09345794392523366,0.346938775510204,0.49999999999999994,0.5789473684210527,0.041631497939526335,0.2096774193548387,0,1,0.0,0.0845771144278607,1.0,0.0,0.0,0.0,1.0,0.0,0.0,0.0,0.0,1.0,0.0,1.0,0.0,0.0,0.0,1.0,0.0,0.0,0.0,0.0,1.0,0.0,0.0,0.0,0.0,0.0,0.0
50,1,0.2513089005235602,four,0.18950437317784274,0.38358208955223905,0.8916666666666667,0.5249999999999999,0.17726920093095422,four,0.1132075471698113,3.03,0.5142857142857142,0.125,0.09345794392523366,0.346938775510204,0.49999999999999994,0.5789473684210527,0.03914899955315029,0.2096774193548387,0,1,0.0,0.0845771144278607,1.0,0.0,0.0,0.0,0.0,1.0,0.0,0.0,0.0,0.0,1.0,1.0,0.0,0.0,0.0,1.0,0.0,0.0,0.0,0.0,1.0,0.0,0.0,0.0,0.0,0.0,0.0
51,1,0.2513089005235602,four,0.18950437317784274,0.38358208955223905,0.8916666666666667,0.5249999999999999,0.17920868890612873,four,0.1132075471698113,3.08,0.5142857142857142,0.125,0.09345794392523366,0.346938775510204,0.49999999999999994,0.5789473684210527,0.056526488257782614,0.2096774193548387,0,1,0.0,0.0845771144278607,1.0,0.0,0.0,0.0,0.0,1.0,0.0,0.0,0.0,1.0,0.0,1.0,0.0,0.0,0.0,1.0,0.0,0.0,0.0,0.0,1.0,0.0,0.0,0.0,0.0,0.0,0.0
52,3,0.44502617801047123,two,0.2536443148688048,0.4164179104477612,0.9125,0.1499999999999999,0.3460046547711404,two,0.03396226415094339,3.329751243781096,0.5809523809523811,0.15000000000000002,0.24766355140186913,0.7551020408163265,0.1111111111111111,0.1842105263157895,0.14465518097413238,0.6797385620915033,0,1,0.0,0.0845771144278607,1.0,0.0,0.0,0.0,1.0,0.0,0.0,0.0,0.0,0.0,1.0,1.0,0.0,0.0,0.0,0.0,0.0,0.0,1.0,0.0,0.0,1.0,0.0,0.0,0.0,0.0,0.0
53,3,0.44502617801047123,two,0.2536443148688048,0.4164179104477612,0.9125,0.1499999999999999,0.3460046547711404,two,0.03396226415094339,3.329751243781096,0.5809523809523811,0.15000000000000002,0.24766355140186913,0.7551020408163265,0.1111111111111111,0.1842105263157895,0.1669976664515168,0.6797385620915033,0,1,0.0,0.0845771144278607,1.0,0.0,0.0,0.0,1.0,0.0,0.0,0.0,0.0,0.0,1.0,1.0,0.0,0.0,0.0,0.0,0.0,0.0,1.0,0.0,0.0,1.0,0.0,0.0,0.0,0.0,0.0
54,3,0.44502617801047123,two,0.2536443148688048,0.4164179104477612,0.9125,0.1499999999999999,0.3479441427463149,two,0.03396226415094339,3.329751243781096,0.5809523809523811,0.15000000000000002,0.24766355140186913,0.7551020408163265,0.1111111111111111,0.1842105263157895,0.21168263740628568,0.6797385620915033,0,1,0.0,0.0845771144278607,1.0,0.0,0.0,0.0,1.0,0.0,0.0,0.0,0.0,0.0,1.0,1.0,0.0,0.0,0.0,0.0,0.0,0.0,1.0,0.0,0.0,1.0,0.0,0.0,0.0,0.0,0.0
55,3,0.44502617801047123,two,0.2536443148688048,0.4164179104477612,0.9125,0.1499999999999999,0.39255236617532974,two,0.07169811320754715,3.329751243781096,0.5809523809523811,0.15000000000000002,0.2196261682242991,0.7551020408163265,0.08333333333333331,0.1842105263157895,0.2613326051338067,0.7447916666666665,0,1,1.0,0.0845771144278607,1.0,0.0,0.0,0.0,1.0,0.0,0.0,0.0,0.0,0.0,1.0,1.0,0.0,0.0,0.0,0.0,0.0,0.0,1.0,0.0,0.0,0.0,0.0,0.0,1.0,0.0,0.0
56,1,0.3350785340314136,two,0.3556851311953353,0.5477611940298508,0.9236111111111112,0.4916666666666667,0.3479441427463149,four,0.23018867924528302,3.39,0.6285714285714288,0.09999999999999998,0.16822429906542058,0.26530612244897966,0.3611111111111111,0.42105263157894735,0.09252271486023533,0.31944444444444425,0,1,0.0,0.0845771144278607,1.0,0.0,0.0,0.0,1.0,0.0,0.0,0.0,0.0,1.0,0.0,1.0,0.0,0.0,0.0,1.0,0.0,0.0,0.0,0.0,1.0,0.0,0.0,0.0,0.0,0.0,0.0
57,0,0.2617801047120419,four,0.3556851311953353,0.5477611940298508,0.9236111111111112,0.641666666666667,0.3576415826221877,four,0.23018867924528302,3.39,0.6285714285714288,0.09999999999999998,0.16822429906542058,0.26530612244897966,0.3611111111111111,0.42105263157894735,0.08383397050791916,0.31944444444444425,0,1,0.0,0.0845771144278607,1.0,0.0,0.0,0.0,0.0,1.0,0.0,0.0,0.0,1.0,0.0,1.0,0.0,0.0,0.0,1.0,0.0,0.0,0.0,0.0,1.0,0.0,0.0,0.0,0.0,0.0,0.0
58,1,0.3350785340314136,two,0.3556851311953353,0.5477611940298508,0.9236111111111112,0.4916666666666667,0.3479441427463149,four,0.23018867924528302,3.39,0.6285714285714288,0.09999999999999998,0.16822429906542058,0.26530612244897966,0.3611111111111111,0.42105263157894735,0.13596643662181618,0.31944444444444425,0,1,0.0,0.0845771144278607,1.0,0.0,0.0,0.0,1.0,0.0,0.0,0.0,0.0,1.0,0.0,1.0,0.0,0.0,0.0,1.0,0.0,0.0,0.0,0.0,1.0,0.0,0.0,0.0,0.0,0.0,0.0
59,0,0.2617801047120419,four,0.3556851311953353,0.5477611940298508,0.9236111111111112,0.641666666666667,0.3576415826221877,four,0.23018867924528302,3.39,0.6285714285714288,0.09999999999999998,0.16822429906542058,0.26530612244897966,0.3611111111111111,0.42105263157894735,0.12727769226950003,0.31944444444444425,0,1,0.0,0.0845771144278607,1.0,0.0,0.0,0.0,0.0,1.0,0.0,0.0,0.0,1.0,0.0,1.0,0.0,0.0,0.0,1.0,0.0,0.0,0.0,0.0,1.0,0.0,0.0,0.0,0.0,0.0,0.0
60,0,0.29842931937172773,four,0.3556851311953353,0.5477611940298508,0.9236111111111112,0.641666666666667,0.37044220325833976,four,0.23018867924528302,3.39,0.6285714285714288,0.98125,0.07476635514018692,0.20408163265306123,0.6388888888888888,0.6842105263157894,0.14093143339456832,0.13040123456790126,1,0,0.0,0.0845771144278607,1.0,0.0,0.0,0.0,0.0,1.0,0.0,0.0,0.0,1.0,0.0,1.0,0.0,0.0,0.0,1.0,0.0,0.0,0.0,0.0,0.0,0.0,1.0,0.0,0.0,0.0,0.0
61,0,0.2617801047120419,four,0.3556851311953353,0.5477611940298508,0.9236111111111112,0.641666666666667,0.36346004654771136,four,0.23018867924528302,3.39,0.6285714285714288,0.09999999999999998,0.16822429906542058,0.26530612244897966,0.3611111111111111,0.42105263157894735,0.1521026761332605,0.31944444444444425,0,1,0.0,0.0845771144278607,1.0,0.0,0.0,0.0,1.0,0.0,0.0,0.0,0.0,1.0,0.0,1.0,0.0,0.0,0.0,1.0,0.0,0.0,0.0,0.0,1.0,0.0,0.0,0.0,0.0,0.0,0.0
62,0,0.27748691099476436,four,0.5335276967930032,0.5059701492537312,0.9180555555555556,0.5500000000000003,0.45849495733126444,four,0.2981132075471698,3.76,0.5190476190476192,0.0625,0.3364485981308411,0.346938775510204,0.16666666666666669,0.2894736842105263,0.32674643761481553,0.5701754385964912,0,1,1.0,0.0845771144278607,1.0,0.0,0.0,0.0,0.0,1.0,0.0,0.0,0.0,0.0,1.0,1.0,0.0,0.0,0.0,1.0,0.0,0.0,0.0,0.0,0.0,0.0,0.0,0.0,1.0,0.0,0.0
63,0,0.29842931937172773,four,0.5335276967930032,0.5059701492537312,0.9180555555555556,0.5500000000000003,0.47013188518231197,four,0.27547169811320754,3.43,0.7476190476190478,0.9375,0.11214953271028039,0.020408163265306145,0.49999999999999994,0.6052631578947367,0.32833523658209623,0.2096774193548387,1,0,0.0,0.0845771144278607,1.0,0.0,0.0,0.0,0.0,1.0,0.0,0.0,0.0,0.0,1.0,1.0,0.0,0.0,0.0,1.0,0.0,0.0,0.0,0.0,0.0,0.0,1.0,0.0,0.0,0.0,0.0
64,-1,0.14659685863874344,four,0.6822157434402332,0.7432835820895525,0.9763888888888888,0.7250000000000001,0.7862684251357641,five,0.460377358490566,3.58,0.7476190476190478,0.90625,0.3504672897196262,0.08163265306122436,0.24999999999999994,0.23684210526315785,0.5072737202720818,0.44318181818181807,1,0,1.0,0.03980099502487562,0.0,1.0,0.0,0.0,0.0,1.0,0.0,0.0,0.0,0.0,1.0,1.0,0.0,0.0,0.0,1.0,0.0,0.0,0.0,0.0,0.0,0.0,1.0,0.0,0.0,0.0,0.0
65,-1,0.14659685863874344,four,0.6822157434402332,0.7432835820895525,0.9763888888888888,0.9083333333333337,0.8774243599689682,five,0.460377358490566,3.58,0.7476190476190478,0.90625,0.3504672897196262,0.08163265306122436,0.24999999999999994,0.23684210526315785,0.5742018767687802,0.44318181818181807,1,0,1.0,0.03980099502487562,0.0,1.0,0.0,0.0,0.0,0.0,1.0,0.0,0.0,0.0,1.0,1.0,0.0,0.0,0.0,1.0,0.0,0.0,0.0,0.0,0.0,0.0,0.0,0.0,1.0,0.0,0.0
66,0,0.14659685863874344,two,0.5860058309037903,0.6925373134328354,0.9763888888888888,0.5916666666666663,0.7785104732350658,five,0.460377358490566,3.58,0.7476190476190478,0.90625,0.3504672897196262,0.08163265306122436,0.24999999999999994,0.23684210526315785,0.5724144779305893,0.44318181818181807,1,0,1.0,0.03980099502487562,0.0,1.0,0.0,1.0,0.0,0.0,0.0,0.0,0.0,0.0,1.0,1.0,0.0,0.0,0.0,1.0,0.0,0.0,0.0,0.0,0.0,0.0,1.0,0.0,0.0,0.0,0.0
67,-1,0.14659685863874344,four,0.8454810495626819,0.9179104477611943,0.9958333333333332,0.7083333333333335,0.8851823118696664,five,0.460377358490566,3.58,0.7476190476190478,0.90625,0.3504672897196262,0.08163265306122436,0.24999999999999994,0.23684210526315785,0.6574152226801053,0.44318181818181807,1,0,1.0,0.03980099502487562,0.0,1.0,0.0,0.0,0.0,1.0,0.0,0.0,0.0,0.0,1.0,1.0,0.0,0.0,0.0,1.0,0.0,0.0,0.0,0.0,0.0,0.0,1.0,0.0,0.0,0.0,0.0
68,-1,0.29842931937172773,four,0.8454810495626819,0.9179104477611943,0.9958333333333332,0.7250000000000001,0.8735453840186191,eight,0.6528301886792454,3.46,0.4904761904761905,0.08125000000000004,0.49999999999999994,0.24489795918367352,0.08333333333333331,0.05263157894736842,0.7215629809840625,0.7447916666666665,0,1,1.0,0.03980099502487562,1.0,0.0,0.0,0.0,0.0,1.0,0.0,0.0,0.0,0.0,1.0,1.0,0.0,0.0,0.0,0.0,0.0,1.0,0.0,0.0,0.0,0.0,0.0,0.0,1.0,0.0,0.0
69,3,0.4031413612565445,two,0.29154518950437325,0.5850746268656719,0.9791666666666666,0.24999999999999956,0.8522110162916989,eight,0.6528301886792454,3.46,0.4904761904761905,0.08125000000000004,0.49999999999999994,0.24489795918367352,0.08333333333333331,0.05263157894736842,0.7432103669132615,0.7447916666666665,0,1,1.0,0.03980099502487562,1.0,0.0,1.0,0.0,0.0,0.0,0.0,0.0,0.0,0.0,1.0,1.0,0.0,0.0,0.0,0.0,0.0,1.0,0.0,0.0,0.0,0.0,0.0,0.0,1.0,0.0,0.0
70,0,0.29842931937172773,four,1.0,1.0,0.9958333333333332,0.7416666666666667,0.9356089992242047,eight,0.9320754716981132,3.8,0.6095238095238096,0.0625,0.6355140186915889,0.1428571428571428,0.027777777777777735,0.0,0.8897770716449036,0.9027777777777777,0,1,2.0,0.03980099502487562,1.0,0.0,0.0,0.0,0.0,1.0,0.0,0.0,0.0,0.0,1.0,1.0,0.0,0.0,0.0,0.0,0.0,1.0,0.0,0.0,0.0,0.0,0.0,0.0,1.0,0.0,0.0
71,1,0.29842931937172773,two,0.740524781341108,0.8671641791044773,1.0,0.6333333333333333,0.8638479441427462,eight,0.9169811320754717,3.8,0.6095238095238096,0.0625,0.6355140186915889,0.1428571428571428,0.027777777777777735,0.0,1.0,0.9027777777777777,0,1,2.0,0.03980099502487562,1.0,0.0,0.0,1.0,0.0,0.0,0.0,0.0,0.0,0.0,1.0,1.0,0.0,0.0,0.0,0.0,0.0,1.0,0.0,0.0,0.0,0.0,0.0,0.0,1.0,0.0,0.0
72,1,0.29842931937172773,two,0.4693877551020411,0.5567164179104478,0.9444444444444444,0.5833333333333335,0.5515903801396431,four,0.2981132075471698,3.78,0.5000000000000002,0.0625,0.5934579439252337,0.346938775510204,0.16666666666666669,0.21052631578947367,0.2826324412889132,0.5701754385964912,0,1,2.0,0.004975124378109453,0.0,1.0,0.0,0.0,1.0,0.0,0.0,0.0,0.0,0.0,1.0,1.0,0.0,0.0,0.0,1.0,0.0,0.0,0.0,0.0,0.0,0.0,0.0,0.0,1.0,0.0,0.0
73,2,0.5026178010471205,two,0.20699708454810528,0.2417910447761198,0.8944444444444445,0.24999999999999956,0.16679596586501166,four,0.11698113207547167,2.97,0.5523809523809524,0.15000000000000002,0.09345794392523366,0.5510204081632655,0.6666666666666665,0.6578947368421053,0.006727570627079071,0.11711711711711725,0,1,0.0,0.05970149253731343,1.0,0.0,0.0,0.0,1.0,0.0,0.0,0.0,0.0,1.0,0.0,1.0,0.0,0.0,0.0,1.0,0.0,0.0,0.0,0.0,1.0,0.0,0.0,0.0,0.0,0.0,0.0
74,2,0.5026178010471205,two,0.20699708454810528,0.2417910447761198,0.8944444444444445,0.24999999999999956,0.17688130333591934,four,0.11698113207547167,2.97,0.5523809523809524,0.15000000000000002,0.09345794392523366,0.5510204081632655,0.49999999999999994,0.5789473684210527,0.026587557718087462,0.2096774193548387,0,1,0.0,0.05970149253731343,1.0,0.0,0.0,0.0,1.0,0.0,0.0,0.0,0.0,1.0,0.0,1.0,0.0,0.0,0.0,1.0,0.0,0.0,0.0,0.0,1.0,0.0,0.0,0.0,0.0,0.0,0.0
75,2,0.5026178010471205,two,0.20699708454810528,0.2417910447761198,0.8944444444444445,0.24999999999999956,0.20015515903801395,four,0.11698113207547167,2.97,0.5523809523809524,0.15000000000000002,0.09345794392523366,0.5510204081632655,0.49999999999999994,0.5789473684210527,0.03850354997269251,0.2096774193548387,0,1,0.0,0.04477611940298507,1.0,0.0,0.0,0.0,1.0,0.0,0.0,0.0,0.0,1.0,0.0,1.0,0.0,0.0,0.0,1.0,0.0,0.0,0.0,0.0,1.0,0.0,0.0,0.0,0.0,0.0,0.0
76,1,0.5026178010471205,two,0.18658892128279891,0.2417910447761198,0.8861111111111111,0.24999999999999956,0.25484871993793634,four,0.139622641509434,3.03,0.6285714285714288,0.03749999999999998,0.2523364485981308,0.5510204081632655,0.3055555555555555,0.368421052631579,0.0638250335137282,0.3761574074074073,0,1,1.0,0.05970149253731343,0.0,1.0,0.0,0.0,1.0,0.0,0.0,0.0,0.0,1.0,0.0,1.0,0.0,0.0,0.0,1.0,0.0,0.0,0.0,0.0,0.0,0.0,0.0,0.0,0.0,1.0,0.0
77,3,0.4607329842931937,two,0.2827988338192422,0.4761194029850744,0.9083333333333334,0.1333333333333333,0.34212567882079126,four,0.1849056603773585,3.17,0.661904761904762,0.03125,0.3177570093457944,0.5510204081632655,0.27777777777777773,0.368421052631579,0.12017774688446453,0.4082125603864734,0,1,1.0,0.05970149253731343,0.0,1.0,0.0,0.0,1.0,0.0,0.0,0.0,0.0,1.0,0.0,1.0,0.0,0.0,0.0,1.0,0.0,0.0,0.0,0.0,0.0,0.0,0.0,0.0,0.0,1.0,0.0
78,3,0.4607329842931937,two,0.2827988338192422,0.4761194029850744,0.9083333333333334,0.1333333333333333,0.32583397982932505,four,0.23018867924528302,3.35,0.661904761904762,0.09375,0.1869158878504673,0.346938775510204,0.3333333333333333,0.42105263157894735,0.0839332704433742,0.3466666666666666,0,1,0.0,0.05970149253731343,1.0,0.0,0.0,0.0,1.0,0.0,0.0,0.0,0.0,1.0,0.0,1.0,0.0,0.0,0.0,1.0,0.0,0.0,0.0,0.0,1.0,0.0,0.0,0.0,0.0,0.0,0.0
79,3,0.29842931937172773,two,0.2711370262390673,0.4791044776119402,0.9208333333333332,0.20000000000000062,0.5217222653219551,four,0.3584905660377358,3.58,0.8523809523809525,0.0,0.4532710280373831,0.346938775510204,0.16666666666666669,0.21052631578947367,0.18646045380070503,0.5701754385964912,0,1,1.0,0.05970149253731343,0.0,1.0,0.0,0.0,1.0,0.0,0.0,0.0,0.0,1.0,0.0,1.0,0.0,0.0,0.0,1.0,0.0,0.0,0.0,0.0,0.0,0.0,0.0,0.0,0.0,1.0,0.0
80,3,0.29842931937172773,two,0.2711370262390673,0.4791044776119402,0.9208333333333332,0.20000000000000062,0.5558572536850273,four,0.3584905660377358,3.59,0.8523809523809525,0.0,0.4532710280373831,0.346938775510204,0.16666666666666669,0.21052631578947367,0.12789831686609404,0.5701754385964912,0,1,1.0,0.05970149253731343,0.0,1.0,0.0,0.0,1.0,0.0,0.0,0.0,0.0,1.0,0.0,1.0,0.0,0.0,0.0,1.0,0.0,0.0,0.0,0.0,0.0,0.0,0.0,0.0,0.0,1.0,0.0
81,3,0.29842931937172773,two,0.2711370262390673,0.4791044776119402,0.9208333333333332,0.20000000000000062,0.5577967416602017,four,0.3584905660377358,3.59,0.8523809523809525,0.0,0.4532710280373831,0.346938775510204,0.16666666666666669,0.21052631578947367,0.23263492378729955,0.5701754385964912,0,1,1.0,0.05970149253731343,0.0,1.0,0.0,0.0,1.0,0.0,0.0,0.0,0.0,1.0,0.0,1.0,0.0,0.0,0.0,1.0,0.0,0.0,0.0,0.0,0.0,0.0,0.0,0.0,0.0,1.0,0.0
82,1,0.3141361256544503,four,0.2827988338192422,0.46716417910447783,0.9083333333333334,0.3166666666666669,0.34018619084561674,four,0.23018867924528302,3.35,0.661904761904762,0.09375,0.1869158878504673,0.346938775510204,0.3333333333333333,0.42105263157894735,0.04644754480909585,0.3466666666666666,0,1,0.0,0.05970149253731343,1.0,0.0,0.0,0.0,0.0,1.0,0.0,0.0,0.0,1.0,0.0,1.0,0.0,0.0,0.0,1.0,0.0,0.0,0.0,0.0,1.0,0.0,0.0,0.0,0.0,0.0,0.0
83,1,0.3141361256544503,four,0.2827988338192422,0.46716417910447783,0.9083333333333334,0.3166666666666669,0.3557020946470132,four,0.23018867924528302,3.35,0.661904761904762,0.09375,0.1869158878504673,0.346938775510204,0.3333333333333333,0.42105263157894735,0.07623752544560847,0.3466666666666666,0,1,0.0,0.05970149253731343,1.0,0.0,0.0,0.0,0.0,1.0,0.0,0.0,0.0,1.0,0.0,1.0,0.0,0.0,0.0,1.0,0.0,0.0,0.0,0.0,1.0,0.0,0.0,0.0,0.0,0.0,0.0
84,1,0.3141361256544503,four,0.2827988338192422,0.46716417910447783,0.9083333333333334,0.3166666666666669,0.3549262994569433,four,0.1849056603773585,3.17,0.661904761904762,0.03125,0.3177570093457944,0.5510204081632655,0.27777777777777773,0.368421052631579,0.1032967578571074,0.4082125603864734,0,1,1.0,0.05970149253731343,0.0,1.0,0.0,0.0,0.0,1.0,0.0,0.0,0.0,1.0,0.0,1.0,0.0,0.0,0.0,1.0,0.0,0.0,0.0,0.0,0.0,0.0,0.0,0.0,0.0,1.0,0.0
85,-1,0.3769633507853403,four,0.2827988338192422,0.46716417910447783,0.9083333333333334,0.3166666666666669,0.3549262994569433,four,0.1849056603773585,3.17,0.661904761904762,0.03125,0.3177570093457944,0.5510204081632655,0.27777777777777773,0.368421052631579,0.1032967578571074,0.4082125603864734,0,1,1.0,0.05970149253731343,1.0,0.0,0.0,0.0,0.0,1.0,0.0,0.0,0.0,1.0,0.0,1.0,0.0,0.0,0.0,1.0,0.0,0.0,0.0,0.0,0.0,0.0,0.0,0.0,0.0,1.0,0.0
86,1,0.3298429319371728,two,0.23032069970845503,0.36119402985074656,0.8861111111111111,0.5583333333333331,0.15554693560899924,four,0.1358490566037736,3.15,0.5809523809523811,0.15000000000000002,0.09813084112149534,0.4285714285714286,0.49999999999999994,0.5526315789473684,0.00945831885209275,0.2096774193548387,0,1,0.0,0.0845771144278607,1.0,0.0,0.0,0.0,0.0,1.0,0.0,0.0,0.0,1.0,0.0,1.0,0.0,0.0,0.0,1.0,0.0,0.0,0.0,0.0,1.0,0.0,0.0,0.0,0.0,0.0,0.0
87,1,0.3298429319371728,two,0.23032069970845503,0.36119402985074656,0.8861111111111111,0.5583333333333331,0.20519782777346784,four,0.15849056603773587,2.99,0.6666666666666667,0.9312499999999999,0.03271028037383178,0.26530612244897966,0.8888888888888888,0.894736842105263,0.04917829303410953,0.03209876543209872,1,0,0.0,0.0845771144278607,1.0,0.0,0.0,0.0,0.0,1.0,0.0,0.0,0.0,1.0,0.0,1.0,0.0,0.0,0.0,1.0,0.0,0.0,0.0,0.0,0.0,0.0,1.0,0.0,0.0,0.0,0.0
88,1,0.3298429319371728,two,0.23032069970845503,0.36119402985074656,0.8861111111111111,0.5583333333333331,0.16679596586501166,four,0.1358490566037736,3.15,0.5809523809523811,0.15000000000000002,0.09813084112149534,0.4285714285714286,0.49999999999999994,0.5526315789473684,0.03800705029541729,0.2096774193548387,0,1,0.0,0.0845771144278607,1.0,0.0,0.0,0.0,0.0,1.0,0.0,0.0,0.0,1.0,0.0,1.0,0.0,0.0,0.0,1.0,0.0,0.0,0.0,0.0,1.0,0.0,0.0,0.0,0.0,0.0,0.0
89,1,0.29842931937172773,four,0.23032069970845503,0.36119402985074656,0.8861111111111111,0.5583333333333331,0.17455391776570983,four,0.1358490566037736,3.15,0.5809523809523811,0.15000000000000002,0.09813084112149534,0.4285714285714286,0.49999999999999994,0.5526315789473684,0.0429720470681694,0.2096774193548387,0,1,0.0,0.0845771144278607,1.0,0.0,0.0,0.0,0.0,1.0,0.0,0.0,0.0,1.0,0.0,1.0,0.0,0.0,0.0,1.0,0.0,0.0,0.0,0.0,1.0,0.0,0.0,0.0,0.0,0.0,0.0
90,1,0.19895287958115188,four,0.23032069970845503,0.4343283582089552,0.8861111111111111,0.4750000000000001,0.20791311093871212,four,0.1358490566037736,3.15,0.5809523809523811,0.15000000000000002,0.09813084112149534,0.4285714285714286,0.49999999999999994,0.5526315789473684,0.05538453900004964,0.2096774193548387,0,1,0.0,0.0845771144278607,1.0,0.0,0.0,0.0,1.0,0.0,0.0,0.0,0.0,1.0,0.0,1.0,0.0,0.0,0.0,1.0,0.0,0.0,0.0,0.0,1.0,0.0,0.0,0.0,0.0,0.0,0.0
91,1,0.3298429319371728,two,0.23032069970845503,0.36119402985074656,0.8861111111111111,0.5583333333333331,0.17959658650116372,four,0.1358490566037736,3.15,0.5809523809523811,0.15000000000000002,0.09813084112149534,0.4285714285714286,0.49999999999999994,0.5526315789473684,0.054143289806861616,0.2096774193548387,0,1,0.0,0.0845771144278607,1.0,0.0,0.0,0.0,0.0,1.0,0.0,0.0,0.0,1.0,0.0,1.0,0.0,0.0,0.0,1.0,0.0,0.0,0.0,0.0,1.0,0.0,0.0,0.0,0.0,0.0,0.0
92,1,0.3298429319371728,two,0.23032069970845503,0.36567164179104505,0.8861111111111111,0.4583333333333335,0.20946470131885186,four,0.1358490566037736,3.15,0.5809523809523811,0.15000000000000002,0.09813084112149534,0.4285714285714286,0.49999999999999994,0.5526315789473684,0.06655578173874185,0.2096774193548387,0,1,0.0,0.0845771144278607,1.0,0.0,0.0,0.0,1.0,0.0,0.0,0.0,0.0,1.0,0.0,1.0,0.0,0.0,0.0,1.0,0.0,0.0,0.0,0.0,1.0,0.0,0.0,0.0,0.0,0.0,0.0
93,1,0.29842931937172773,four,0.23032069970845503,0.36119402985074656,0.8861111111111111,0.5583333333333331,0.1873545384018619,four,0.1358490566037736,3.15,0.5809523809523811,0.15000000000000002,0.09813084112149534,0.4285714285714286,0.49999999999999994,0.5526315789473684,0.05910828657961373,0.2096774193548387,0,1,0.0,0.0845771144278607,1.0,0.0,0.0,0.0,0.0,1.0,0.0,0.0,0.0,1.0,0.0,1.0,0.0,0.0,0.0,1.0,0.0,0.0,0.0,0.0,1.0,0.0,0.0,0.0,0.0,0.0,0.0
94,1,0.19895287958115188,four,0.23032069970845503,0.4343283582089552,0.8861111111111111,0.4750000000000001,0.212955779674166,four,0.1358490566037736,3.15,0.5809523809523811,0.15000000000000002,0.09813084112149534,0.4285714285714286,0.49999999999999994,0.5526315789473684,0.07152077851149397,0.2096774193548387,0,1,0.0,0.0845771144278607,1.0,0.0,0.0,0.0,0.0,0.0,1.0,0.0,0.0,1.0,0.0,1.0,0.0,0.0,0.0,1.0,0.0,0.0,0.0,0.0,1.0,0.0,0.0,0.0,0.0,0.0,0.0
95,2,0.5392670157068062,two,0.24781341107871713,0.31791044776119426,0.8861111111111111,0.4583333333333335,0.20170674941815359,four,0.1358490566037736,3.15,0.5809523809523811,0.15000000000000002,0.09813084112149534,0.4285714285714286,0.49999999999999994,0.5526315789473684,0.0777270244774341,0.2096774193548387,0,1,0.0,0.0845771144278607,1.0,0.0,0.0,1.0,0.0,0.0,0.0,0.0,0.0,1.0,0.0,1.0,0.0,0.0,0.0,1.0,0.0,0.0,0.0,0.0,1.0,0.0,0.0,0.0,0.0,0.0,0.0
96,0,0.21465968586387435,four,0.3090379008746358,0.48208955223880645,0.9055555555555556,0.5750000000000006,0.3242823894491854,four,0.22264150943396227,3.33,0.6666666666666667,0.09375,0.2289719626168224,0.4285714285714286,0.3888888888888889,0.4736842105263157,0.09510451318206642,0.294238683127572,0,1,0.0,0.0845771144278607,1.0,0.0,0.0,0.0,1.0,0.0,0.0,0.0,0.0,1.0,0.0,1.0,0.0,0.0,0.0,1.0,0.0,0.0,0.0,0.0,1.0,0.0,0.0,0.0,0.0,0.0,0.0
97,0,0.21465968586387435,four,0.3090379008746358,0.48208955223880645,0.9055555555555556,0.5750000000000006,0.3157486423584174,four,0.22264150943396227,3.33,0.6666666666666667,0.09375,0.2289719626168224,0.4285714285714286,0.3888888888888889,0.4736842105263157,0.10999950350032273,0.294238683127572,0,1,0.0,0.0845771144278607,1.0,0.0,0.0,0.0,0.0,1.0,0.0,0.0,0.0,1.0,0.0,1.0,0.0,0.0,0.0,1.0,0.0,0.0,0.0,0.0,1.0,0.0,0.0,0.0,0.0,0.0,0.0
98,0,0.3298429319371728,four,0.40233236151603524,0.6059701492537313,0.9236111111111112,0.6083333333333338,0.6233514352211016,six,0.45283018867924524,3.43,0.5714285714285716,0.125,0.48598130841121495,0.4285714285714286,0.1111111111111111,0.1578947368421053,0.20805818976217666,0.6797385620915033,0,1,1.0,0.0845771144278607,1.0,0.0,0.0,0.0,0.0,1.0,0.0,0.0,0.0,1.0,0.0,1.0,0.0,0.0,0.0,0.0,0.0,1.0,0.0,0.0,0.0,0.0,0.0,0.0,1.0,0.0,0.0
99,0,0.22513089005235604,four,0.40233236151603524,0.6492537313432836,0.9236111111111112,0.6916666666666669,0.7013188518231186,six,0.45283018867924524,3.43,0.5714285714285716,0.125,0.48598130841121495,0.4285714285714286,0.1111111111111111,0.1578947368421053,0.2304006752395611,0.6797385620915033,0,1,1.0,0.0845771144278607,1.0,0.0,0.0,0.0,0.0,0.0,1.0,0.0,0.0,1.0,0.0,1.0,0.0,0.0,0.0,0.0,0.0,1.0,0.0,0.0,0.0,0.0,0.0,0.0,1.0,0.0,0.0
100,0,0.22513089005235604,four,0.40233236151603524,0.6492537313432836,0.9236111111111112,0.6083333333333338,0.6097750193948797,six,0.45283018867924524,3.43,0.5714285714285716,0.125,0.48598130841121495,0.4285714285714286,0.16666666666666669,0.23684210526315785,0.20805818976217666,0.5701754385964912,0,1,1.0,0.1691542288557214,1.0,0.0,0.0,0.0,0.0,1.0,0.0,0.0,0.0,1.0,0.0,1.0,0.0,0.0,0.0,0.0,0.0,1.0,0.0,0.0,0.0,0.0,0.0,0.0,1.0,0.0,0.0
101,3,0.675392670157068,two,0.13702623906705558,0.4417910447761195,0.9430555555555556,0.15833333333333366,0.6140418929402638,six,0.45283018867924524,3.43,0.5714285714285716,0.125,0.5233644859813085,0.4285714285714286,0.16666666666666669,0.23684210526315785,0.2999106300580905,0.5701754385964912,0,1,2.0,0.0845771144278607,1.0,0.0,0.0,0.0,1.0,0.0,0.0,0.0,0.0,0.0,1.0,1.0,0.0,0.0,0.0,0.0,0.0,1.0,0.0,0.0,0.0,0.0,0.0,0.0,1.0,0.0,0.0
102,3,0.675392670157068,two,0.13702623906705558,0.4417910447761195,0.9430555555555556,0.15833333333333366,0.6404189294026377,six,0.45283018867924524,3.43,0.5714285714285716,0.04999999999999999,0.7102803738317756,0.4285714285714286,0.1111111111111111,0.1842105263157895,0.3619730897174917,0.6797385620915033,0,1,2.0,0.0845771144278607,0.0,1.0,0.0,0.0,1.0,0.0,0.0,0.0,0.0,0.0,1.0,1.0,0.0,0.0,0.0,0.0,0.0,1.0,0.0,0.0,0.0,0.0,0.0,0.0,1.0,0.0,0.0
103,1,0.869109947643979,two,0.3673469387755106,0.5582089552238809,0.9430555555555556,0.15833333333333366,0.6404189294026377,six,0.45283018867924524,3.43,0.5714285714285716,0.125,0.5233644859813085,0.4285714285714286,0.16666666666666669,0.23684210526315785,0.32970061069460305,0.5701754385964912,0,1,2.0,0.0845771144278607,1.0,0.0,0.0,0.0,1.0,0.0,0.0,0.0,0.0,0.0,1.0,1.0,0.0,0.0,0.0,0.0,0.0,1.0,0.0,0.0,0.0,0.0,0.0,0.0,1.0,0.0,0.0
104,0,0.5026178010471205,four,0.620991253644315,0.6805970149253731,0.95,0.7416666666666667,0.5942591155934833,four,0.22264150943396227,3.46,0.5333333333333334,0.08750000000000002,0.2289719626168224,0.346938775510204,0.16666666666666669,0.21052631578947367,0.16836304056402362,0.5701754385964912,0,1,0.0,0.04975124378109453,1.0,0.0,0.0,0.0,0.0,1.0,0.0,0.0,0.0,0.0,1.0,1.0,0.0,0.0,1.0,0.0,0.0,0.0,0.0,0.0,0.0,0.0,0.0,0.0,1.0,0.0,0.0
105,0,0.5026178010471205,four,0.620991253644315,0.6805970149253731,0.95,0.7416666666666667,0.6629169899146625,four,0.3433962264150943,3.7,0.6904761904761905,0.875,0.2196261682242991,0.0,0.4166666666666666,0.4473684210526315,0.20063551958691228,0.2708333333333333,1,0,0.0,0.04975124378109453,0.0,1.0,0.0,0.0,0.0,1.0,0.0,0.0,0.0,0.0,1.0,1.0,0.0,0.0,1.0,0.0,0.0,0.0,0.0,0.0,0.0,0.0,1.0,0.0,0.0,0.0,0.0
106,0,0.29842931937172773,four,0.80466472303207,0.8626865671641792,0.95,0.9083333333333337,0.6757176105508145,four,0.22264150943396227,3.46,0.5333333333333334,0.08750000000000002,0.2289719626168224,0.346938775510204,0.16666666666666669,0.21052631578947367,0.18176853185045427,0.5701754385964912,0,1,0.0,0.04975124378109453,1.0,0.0,0.0,0.0,0.0,0.0,1.0,0.0,0.0,0.0,1.0,1.0,0.0,0.0,1.0,0.0,0.0,0.0,0.0,0.0,0.0,0.0,0.0,0.0,1.0,0.0,0.0
107,0,0.29842931937172773,four,0.80466472303207,0.8626865671641792,0.95,0.9083333333333337,0.7532971295577968,four,0.3433962264150943,3.7,0.6904761904761905,0.875,0.2196261682242991,0.0,0.3333333333333333,0.23684210526315785,0.2170200089369942,0.3466666666666666,1,0,0.0,0.04975124378109453,0.0,1.0,0.0,0.0,0.0,0.0,1.0,0.0,0.0,0.0,1.0,1.0,0.0,0.0,1.0,0.0,0.0,0.0,0.0,0.0,0.0,0.0,1.0,0.0,0.0,0.0,0.0
108,0,0.5026178010471205,four,0.620991253644315,0.6805970149253731,0.95,0.7416666666666667,0.6155934833204033,four,0.22264150943396227,3.46,0.05714285714285716,0.08750000000000002,0.2196261682242991,0.346938775510204,0.16666666666666669,0.21052631578947367,0.25971898118266223,0.5701754385964912,0,1,0.0,0.04975124378109453,1.0,0.0,0.0,0.0,0.0,1.0,0.0,0.0,0.0,0.0,1.0,1.0,0.0,0.0,1.0,0.0,0.0,0.0,0.0,0.0,0.0,0.0,0.0,0.0,1.0,0.0,0.0
109,0,0.5026178010471205,four,0.620991253644315,0.6805970149253731,0.95,0.7416666666666667,0.6842513576415825,four,0.3433962264150943,3.7,0.6904761904761905,0.875,0.2196261682242991,0.0,0.4166666666666666,0.4473684210526315,0.29248795988282605,0.2708333333333333,1,0,0.0,0.04975124378109453,0.0,1.0,0.0,0.0,0.0,1.0,0.0,0.0,0.0,0.0,1.0,1.0,0.0,0.0,1.0,0.0,0.0,0.0,0.0,0.0,0.0,0.0,1.0,0.0,0.0,0.0,0.0
110,0,0.29842931937172773,four,0.80466472303207,0.8626865671641792,0.95,0.7416666666666667,0.6970519782777347,four,0.22264150943396227,3.46,0.05714285714285716,0.08750000000000002,0.2196261682242991,0.346938775510204,0.16666666666666669,0.21052631578947367,0.2873988381907552,0.5701754385964912,0,1,0.0,0.1691542288557214,1.0,0.0,0.0,0.0,0.0,0.0,1.0,0.0,0.0,0.0,1.0,1.0,0.0,0.0,1.0,0.0,0.0,0.0,0.0,0.0,0.0,0.0,0.0,0.0,1.0,0.0,0.0
111,0,0.29842931937172773,four,0.80466472303207,0.8626865671641792,0.95,0.9083333333333337,0.7746314972847168,four,0.3433962264150943,3.7,0.6904761904761905,0.875,0.2196261682242991,0.0,0.3333333333333333,0.23684210526315785,0.2968323320589842,0.3466666666666666,1,0,0.0,0.04975124378109453,0.0,1.0,0.0,0.0,0.0,0.0,1.0,0.0,0.0,0.0,1.0,1.0,0.0,0.0,1.0,0.0,0.0,0.0,0.0,0.0,0.0,0.0,1.0,0.0,0.0,0.0,0.0
112,0,0.5026178010471205,four,0.620991253644315,0.6805970149253731,0.95,0.7416666666666667,0.6155934833204033,four,0.22264150943396227,3.46,0.5333333333333334,0.08750000000000002,0.2289719626168224,0.346938775510204,0.16666666666666669,0.21052631578947367,0.28578521423961073,0.5701754385964912,0,1,0.0,0.04975124378109453,1.0,0.0,0.0,0.0,0.0,1.0,0.0,0.0,0.0,0.0,1.0,1.0,0.0,0.0,1.0,0.0,0.0,0.0,0.0,0.0,0.0,0.0,0.0,0.0,1.0,0.0,0.0
113,0,0.5026178010471205,four,0.620991253644315,0.6805970149253731,0.95,0.7416666666666667,0.6842513576415825,four,0.3433962264150943,3.7,0.6904761904761905,0.875,0.2196261682242991,0.0,0.4166666666666666,0.4473684210526315,0.3185541929397746,0.2708333333333333,1,0,0.0,0.04975124378109453,0.0,1.0,0.0,0.0,0.0,1.0,0.0,0.0,0.0,0.0,1.0,1.0,0.0,0.0,1.0,0.0,0.0,0.0,0.0,0.0,0.0,0.0,1.0,0.0,0.0,0.0,0.0
114,0,0.5026178010471205,four,0.6239067055393588,0.6805970149253731,0.9486111111111112,0.6833333333333331,0.6369278510473235,four,0.27547169811320754,3.61,0.5428571428571429,0.0,0.4392523364485981,0.5918367346938773,0.1388888888888889,0.21052631578947367,0.3235191897125267,0.6219135802469136,0,1,1.0,0.04975124378109453,0.0,1.0,0.0,0.0,0.0,1.0,0.0,0.0,0.0,0.0,1.0,1.0,0.0,0.0,1.0,0.0,0.0,0.0,0.0,0.0,0.0,0.0,0.0,0.0,1.0,0.0,0.0
115,1,0.28272251308900526,two,0.20699708454810528,0.2417910447761198,0.8861111111111111,0.24999999999999956,0.16679596586501166,four,0.10943396226415092,2.97,0.5523809523809524,0.15000000000000002,0.09345794392523366,0.5510204081632655,0.6666666666666665,0.6578947368421053,0.01127054267414726,0.11711711711711725,0,1,0.0,0.03482587064676617,1.0,0.0,0.0,0.0,1.0,0.0,0.0,0.0,0.0,1.0,0.0,1.0,0.0,0.0,0.0,1.0,0.0,0.0,0.0,0.0,1.0,0.0,0.0,0.0,0.0,0.0,0.0
116,1,0.28272251308900526,two,0.20699708454810528,0.2417910447761198,0.8861111111111111,0.24999999999999956,0.24825446082234293,four,0.139622641509434,3.03,0.6285714285714288,0.03749999999999998,0.2523364485981308,0.5510204081632655,0.3055555555555555,0.368421052631579,0.07047812918921603,0.3761574074074073,0,1,1.0,0.03482587064676617,0.0,1.0,0.0,0.0,1.0,0.0,0.0,0.0,0.0,1.0,0.0,1.0,0.0,0.0,0.0,1.0,0.0,0.0,0.0,0.0,0.0,0.0,0.0,0.0,0.0,1.0,0.0
117,1,0.4659685863874346,four,0.20699708454810528,0.2417910447761198,0.8861111111111111,0.23333333333333384,0.18580294802172226,four,0.10943396226415092,2.97,0.5523809523809524,0.15000000000000002,0.09345794392523366,0.5510204081632655,0.49999999999999994,0.5789473684210527,0.0275805570726379,0.2096774193548387,0,1,0.0,0.03482587064676617,1.0,0.0,0.0,0.0,1.0,0.0,0.0,0.0,0.0,1.0,0.0,1.0,0.0,0.0,0.0,1.0,0.0,0.0,0.0,0.0,1.0,0.0,0.0,0.0,0.0,0.0,0.0
118,1,0.4659685863874346,four,0.20699708454810528,0.39104477611940336,0.8861111111111111,0.24999999999999956,0.1943366951124903,four,0.10943396226415092,2.97,0.5523809523809524,0.15000000000000002,0.09345794392523366,0.5510204081632655,0.49999999999999994,0.5789473684210527,0.039074524601558996,0.2096774193548387,0,1,0.0,0.03482587064676617,1.0,0.0,0.0,0.0,0.0,1.0,0.0,0.0,0.0,1.0,0.0,1.0,0.0,0.0,0.0,1.0,0.0,0.0,0.0,0.0,1.0,0.0,0.0,0.0,0.0,0.0,0.0
119,1,0.4659685863874346,four,0.20699708454810528,0.39104477611940336,0.8861111111111111,0.24999999999999956,0.2726920093095423,four,0.139622641509434,2.97,0.5523809523809524,0.15000000000000002,0.09345794392523366,0.5510204081632655,0.49999999999999994,0.5789473684210527,0.06183903480462738,0.2096774193548387,0,1,0.0,0.03482587064676617,1.0,0.0,0.0,0.0,0.0,1.0,0.0,0.0,0.0,1.0,0.0,1.0,0.0,0.0,0.0,1.0,0.0,0.0,0.0,0.0,1.0,0.0,0.0,0.0,0.0,0.0,0.0
120,-1,0.04712041884816753,four,0.4868804664723032,0.5,0.8972222222222221,0.9999999999999996,0.40612878200155156,four,0.23018867924528302,3.35,0.661904761904762,0.09375,0.2196261682242991,0.346938775510204,0.3055555555555555,0.368421052631579,0.09440941363388114,0.3761574074074073,0,1,0.0,0.03482587064676617,1.0,0.0,0.0,0.0,0.0,0.0,1.0,0.0,0.0,1.0,0.0,1.0,0.0,0.0,0.0,1.0,0.0,0.0,0.0,0.0,1.0,0.0,0.0,0.0,0.0,0.0,0.0
121,3,0.29842931937172773,two,0.2711370262390673,0.4791044776119402,0.9208333333333332,0.20000000000000062,0.5159038013964314,four,0.3584905660377358,3.59,0.8523809523809525,0.0,0.4532710280373831,0.346938775510204,0.16666666666666669,0.21052631578947367,0.18981182662231272,0.5701754385964912,0,1,1.0,0.03482587064676617,0.0,1.0,0.0,0.0,1.0,0.0,0.0,0.0,0.0,0.0,1.0,1.0,0.0,0.0,0.0,1.0,0.0,0.0,0.0,0.0,0.0,0.0,0.0,0.0,0.0,1.0,0.0
122,3,0.6335078534031413,two,0.23032069970845503,0.41492537313432853,0.9486111111111112,0.20000000000000062,0.5003878975950349,four,0.33962264150943394,3.94,0.49523809523809526,0.15625,0.44392523364485975,0.5510204081632655,0.16666666666666669,0.2894736842105263,0.41954222729755225,0.5701754385964912,0,1,1.0,0.01990049751243781,1.0,0.0,0.0,0.0,1.0,0.0,0.0,0.0,0.0,0.0,1.0,1.0,0.0,0.0,0.0,1.0,0.0,0.0,0.0,0.0,0.0,0.0,0.0,0.0,1.0,0.0,0.0
123,3,0.29842931937172773,two,0.08454810495626841,0.41492537313432853,0.9027777777777778,0.3166666666666669,0.49185415050426684,six,0.5018867924528303,3.74,0.3952380952380954,0.15625,0.7429906542056075,0.7142857142857142,0.1111111111111111,0.23684210526315785,0.6804528077056751,0.6797385620915033,0,1,2.0,0.01990049751243781,1.0,0.0,0.0,1.0,0.0,0.0,0.0,0.0,0.0,0.0,1.0,0.0,1.0,0.0,0.0,0.0,1.0,0.0,0.0,0.0,0.0,0.0,0.0,0.0,1.0,0.0,0.0
124,3,0.29842931937172773,two,0.08454810495626841,0.41492537313432853,0.9027777777777778,0.3166666666666669,0.49185415050426684,six,0.5018867924528303,3.74,0.3952380952380954,0.15625,0.7429906542056075,0.7142857142857142,0.1111111111111111,0.23684210526315785,0.7176902835013157,0.6797385620915033,0,1,2.0,0.01990049751243781,1.0,0.0,0.0,1.0,0.0,0.0,0.0,0.0,0.0,0.0,1.0,0.0,1.0,0.0,0.0,0.0,1.0,0.0,0.0,0.0,0.0,0.0,0.0,0.0,1.0,0.0,0.0
125,3,0.29842931937172773,two,0.08454810495626841,0.41492537313432853,0.9027777777777778,0.3166666666666669,0.5089216446858029,six,0.5018867924528303,3.74,0.3952380952380954,0.15625,0.7429906542056075,0.7142857142857142,0.1111111111111111,0.23684210526315785,0.7921652350925972,0.6797385620915033,0,1,2.0,0.01990049751243781,1.0,0.0,1.0,0.0,0.0,0.0,0.0,0.0,0.0,0.0,1.0,0.0,1.0,0.0,0.0,0.0,1.0,0.0,0.0,0.0,0.0,0.0,0.0,0.0,1.0,0.0,0.0
126,0,0.29842931937172773,four,0.27696793002915454,0.6029850746268659,0.9236111111111112,0.6166666666666667,0.42319627618308764,four,0.2679245283018868,3.46,0.8714285714285714,0.10624999999999996,0.2628792412872336,0.3981099829094197,0.27777777777777773,0.39473684210526316,0.10369395759892755,0.4082125603864734,0,1,1.0,0.009950248756218905,1.0,0.0,0.0,0.0,0.0,0.0,1.0,0.0,0.0,1.0,0.0,1.0,0.0,0.0,0.0,1.0,0.0,0.0,0.0,0.0,0.0,0.0,0.0,0.0,1.0,0.0,0.0
127,2,0.29842931937172773,two,0.27696793002915454,0.5328358208955222,0.925,0.2250000000000001,0.3770364623739333,four,0.2679245283018868,3.46,0.8714285714285714,0.10624999999999996,0.2628792412872336,0.3981099829094197,0.27777777777777773,0.39473684210526316,0.11858894791718386,0.4082125603864734,0,1,1.0,0.009950248756218905,1.0,0.0,0.0,0.0,1.0,0.0,0.0,0.0,0.0,1.0,0.0,1.0,0.0,0.0,0.0,1.0,0.0,0.0,0.0,0.0,0.0,0.0,0.0,0.0,1.0,0.0,0.0
128,3,0.44502617801047123,two,0.36443148688046634,0.6791044776119399,0.9236111111111112,0.6916666666666669,0.45384018619084565,four,0.22641509433962265,3.54,0.4761904761904763,0.14437500000000003,0.2897196261682243,0.4489795918367345,0.22222222222222215,0.3157894736842105,0.1671217913708356,0.48148148148148123,0,1,1.0,0.029850746268656716,1.0,0.0,0.0,0.0,1.0,0.0,0.0,0.0,0.0,1.0,0.0,1.0,0.0,0.0,0.0,1.0,0.0,0.0,0.0,0.0,0.0,0.0,0.0,0.0,1.0,0.0,0.0
129,2,0.20418848167539266,four,0.36443148688046634,0.6791044776119399,0.9236111111111112,0.6916666666666669,0.46819239720713735,four,0.22641509433962265,3.54,0.4761904761904763,0.14375000000000004,0.2897196261682243,0.4489795918367345,0.22222222222222215,0.3157894736842105,0.17506578620723895,0.48148148148148123,0,1,1.0,0.029850746268656716,1.0,0.0,0.0,0.0,0.0,1.0,0.0,0.0,0.0,1.0,0.0,1.0,0.0,0.0,0.0,1.0,0.0,0.0,0.0,0.0,0.0,0.0,0.0,0.0,1.0,0.0,0.0
130,3,0.44502617801047123,two,0.36443148688046634,0.6791044776119399,0.9236111111111112,0.6916666666666669,0.47284716834755613,four,0.22641509433962265,2.54,0.0,0.14375000000000004,0.2897196261682243,0.4489795918367345,0.22222222222222215,0.3157894736842105,0.24631348989623159,0.48148148148148123,0,1,1.0,0.029850746268656716,1.0,0.0,0.0,0.0,1.0,0.0,0.0,0.0,0.0,1.0,0.0,1.0,0.0,0.0,0.0,1.0,0.0,0.0,0.0,0.0,0.0,0.0,0.0,0.0,1.0,0.0,0.0
131,2,0.20418848167539266,four,0.36443148688046634,0.6791044776119399,0.9236111111111112,0.6916666666666669,0.4926299456943366,four,0.22641509433962265,3.54,0.4761904761904763,0.14375000000000004,0.2897196261682243,0.4489795918367345,0.22222222222222215,0.3157894736842105,0.257981232312199,0.48148148148148123,0,1,1.0,0.029850746268656716,1.0,0.0,0.0,0.0,0.0,1.0,0.0,0.0,0.0,1.0,0.0,1.0,0.0,0.0,0.0,1.0,0.0,0.0,0.0,0.0,0.0,0.0,0.0,0.0,1.0,0.0,0.0
132,3,0.44502617801047123,two,0.36443148688046634,0.6791044776119399,0.9236111111111112,0.6916666666666669,0.5120248254460822,four,0.22641509433962265,3.54,0.4761904761904763,0.125,0.5233644859813085,0.5510204081632655,0.16666666666666669,0.26315789473684204,0.3235191897125267,0.5701754385964912,0,1,2.0,0.029850746268656716,0.0,1.0,0.0,0.0,1.0,0.0,0.0,0.0,0.0,1.0,0.0,1.0,0.0,1.0,0.0,0.0,0.0,0.0,0.0,0.0,0.0,0.0,0.0,0.0,1.0,0.0,0.0
133,2,0.20418848167539266,four,0.36443148688046634,0.6791044776119399,0.9236111111111112,0.6916666666666669,0.5271528316524436,four,0.22641509433962265,3.54,0.4761904761904763,0.125,0.5233644859813085,0.5510204081632655,0.16666666666666669,0.26315789473684204,0.3351869321284941,0.5701754385964912,0,1,2.0,0.029850746268656716,0.0,1.0,0.0,0.0,0.0,1.0,0.0,0.0,0.0,1.0,0.0,1.0,0.0,1.0,0.0,0.0,0.0,0.0,0.0,0.0,0.0,0.0,0.0,0.0,1.0,0.0,0.0
134,2,0.09424083769633507,two,0.20699708454810528,0.23582089552238816,0.8805555555555555,0.4916666666666667,0.2179984484096199,four,0.1358490566037736,3.62,0.13809523809523805,0.125,0.09813084112149534,0.30612244897959173,0.49999999999999994,0.5263157894736842,0.0,0.2096774193548387,0,1,0.0,0.05970149253731343,1.0,0.0,0.0,0.0,1.0,0.0,0.0,0.0,0.0,1.0,0.0,1.0,0.0,0.0,0.0,0.0,1.0,0.0,0.0,0.0,1.0,0.0,0.0,0.0,0.0,0.0,0.0
135,2,0.09424083769633507,two,0.20699708454810528,0.25074626865671634,0.8833333333333333,0.4916666666666667,0.24515128006206366,four,0.17735849056603775,3.62,0.2714285714285716,0.10624999999999996,0.11682242990654207,0.1020408163265305,0.3611111111111111,0.39473684210526316,0.04803634377637653,0.31944444444444425,0,1,0.0,0.05970149253731343,1.0,0.0,0.0,0.0,1.0,0.0,0.0,0.0,0.0,1.0,0.0,1.0,0.0,0.0,0.0,0.0,1.0,0.0,0.0,0.0,1.0,0.0,0.0,0.0,0.0,0.0,0.0
136,2,0.09424083769633507,two,0.19533527696792996,0.2417910447761198,0.8861111111111111,0.6583333333333337,0.2916989914662529,four,0.17735849056603775,3.62,0.2714285714285716,0.10624999999999996,0.11682242990654207,0.1020408163265305,0.3611111111111111,0.39473684210526316,0.061690084901444814,0.31944444444444425,0,1,0.0,0.05970149253731343,1.0,0.0,0.0,0.0,1.0,0.0,0.0,1.0,0.0,0.0,0.0,1.0,0.0,0.0,0.0,0.0,1.0,0.0,0.0,0.0,1.0,0.0,0.0,0.0,0.0,0.0,0.0
137,0,0.19371727748691098,four,0.3090379008746358,0.4611940298507462,0.9083333333333334,0.39166666666666705,0.25484871993793634,four,0.17735849056603775,3.62,0.2714285714285716,0.15625,0.15887850467289721,0.26530612244897966,0.5277777777777777,0.5526315789473684,0.049848567598431065,0.19184027777777773,0,1,0.0,0.05970149253731343,1.0,0.0,0.0,0.0,0.0,1.0,0.0,0.0,0.0,1.0,0.0,1.0,0.0,0.0,0.0,0.0,1.0,0.0,0.0,0.0,1.0,0.0,0.0,0.0,0.0,0.0,0.0
138,0,0.19371727748691098,four,0.3090379008746358,0.4611940298507462,0.9083333333333334,0.39166666666666705,0.2723041117145074,four,0.17735849056603775,3.62,0.2714285714285716,0.15625,0.15887850467289721,0.1020408163265305,0.4166666666666666,0.4473684210526315,0.06595998212601162,0.2708333333333333,0,1,0.0,0.05970149253731343,1.0,0.0,0.0,0.0,0.0,1.0,0.0,0.0,0.0,1.0,0.0,1.0,0.0,0.0,0.0,0.0,1.0,0.0,0.0,0.0,1.0,0.0,0.0,0.0,0.0,0.0,0.0
139,0,0.19371727748691098,four,0.3090379008746358,0.4611940298507462,0.9083333333333334,0.39166666666666705,0.33048875096974395,four,0.17735849056603775,3.62,0.2714285714285716,0.125,0.2149532710280374,0.4285714285714286,0.3611111111111111,0.42105263157894735,0.12020257186832828,0.31944444444444425,0,1,0.0,0.05970149253731343,1.0,0.0,0.0,0.0,0.0,1.0,0.0,0.0,0.0,1.0,0.0,1.0,0.0,0.0,0.0,0.0,1.0,0.0,0.0,0.0,0.0,0.0,0.0,0.0,1.0,0.0,0.0
140,0,0.19371727748691098,four,0.3032069970845481,0.4611940298507462,0.9083333333333334,0.5416666666666665,0.3479441427463149,four,0.17735849056603775,3.62,0.2714285714285716,0.125,0.15887850467289721,0.26530612244897966,0.3055555555555555,0.23684210526315785,0.1021548085993744,0.3761574074074073,0,1,0.0,0.05970149253731343,1.0,0.0,0.0,0.0,0.0,1.0,0.0,1.0,0.0,0.0,0.0,1.0,0.0,0.0,0.0,0.0,1.0,0.0,0.0,0.0,1.0,0.0,0.0,0.0,0.0,0.0,0.0
141,0,0.19371727748691098,four,0.3032069970845481,0.4611940298507462,0.9083333333333334,0.5416666666666665,0.39643134212567877,four,0.17735849056603775,3.62,0.2714285714285716,0.04375000000000001,0.294392523364486,0.26530612244897966,0.3055555555555555,0.3421052631578947,0.15245022590735313,0.3761574074074073,0,1,1.0,0.05970149253731343,0.0,1.0,0.0,0.0,0.0,1.0,0.0,1.0,0.0,0.0,0.0,1.0,0.0,0.0,0.0,0.0,1.0,0.0,0.0,0.0,0.0,0.0,0.0,0.0,1.0,0.0,0.0
142,0,0.12565445026178013,four,0.3032069970845481,0.4835820895522387,0.9083333333333334,0.4333333333333331,0.3110938712179985,four,0.17735849056603775,3.62,0.2714285714285716,0.125,0.15887850467289721,0.26530612244897966,0.4166666666666666,0.42105263157894735,0.05821458716051833,0.2708333333333333,0,1,0.0,0.05970149253731343,1.0,0.0,0.0,0.0,0.0,0.0,1.0,0.0,0.0,1.0,0.0,1.0,0.0,0.0,0.0,0.0,1.0,0.0,0.0,0.0,1.0,0.0,0.0,0.0,0.0,0.0,0.0
143,0,0.12565445026178013,four,0.3032069970845481,0.4835820895522387,0.9083333333333334,0.4333333333333331,0.37509697439875866,four,0.17735849056603775,3.62,0.2714285714285716,0.125,0.2149532710280374,0.4285714285714286,0.3333333333333333,0.39473684210526316,0.12611091802790325,0.3466666666666666,0,1,0.0,0.05970149253731343,1.0,0.0,0.0,0.0,0.0,0.0,1.0,0.0,0.0,1.0,0.0,1.0,0.0,0.0,0.0,0.0,1.0,0.0,0.0,0.0,0.0,0.0,0.0,0.0,1.0,0.0,0.0
144,0,0.10471204188481675,four,0.30029154518950474,0.4850746268656718,0.9083333333333334,0.5916666666666663,0.36152055857253684,four,0.17735849056603775,3.62,0.2714285714285716,0.125,0.15887850467289721,0.26530612244897966,0.27777777777777773,0.3421052631578947,0.07186832828558662,0.4082125603864734,0,1,0.0,0.05970149253731343,1.0,0.0,0.0,0.0,0.0,0.0,1.0,1.0,0.0,0.0,0.0,1.0,0.0,0.0,0.0,0.0,1.0,0.0,0.0,0.0,1.0,0.0,0.0,0.0,0.0,0.0,0.0
145,0,0.10471204188481675,four,0.30029154518950474,0.4850746268656718,0.9083333333333334,0.5916666666666663,0.4507370054305664,four,0.17735849056603775,3.62,0.2714285714285716,0.04375000000000001,0.294392523364486,0.26530612244897966,0.27777777777777773,0.1842105263157895,0.16324909388808895,0.4082125603864734,0,1,1.0,0.05970149253731343,0.0,1.0,0.0,0.0,0.0,0.0,1.0,1.0,0.0,0.0,0.0,1.0,0.0,0.0,0.0,0.0,1.0,0.0,0.0,0.0,0.0,0.0,0.0,0.0,1.0,0.0,0.0
146,1,0.11518324607329844,two,0.26530612244897966,0.26268656716417915,0.8833333333333333,0.5583333333333331,0.19278510473235067,four,0.11698113207547167,3.05,0.4571428571428571,0.125,0.06542056074766356,0.26530612244897966,0.6111111111111112,0.6052631578947367,0.005709746288664913,0.14444444444444443,0,1,0.0,0.1691542288557214,1.0,0.0,0.0,0.0,1.0,0.0,0.0,0.0,0.0,1.0,0.0,1.0,0.0,0.0,0.0,1.0,0.0,0.0,0.0,0.0,1.0,0.0,0.0,0.0,0.0,0.0,0.0
147,1,0.11518324607329844,two,0.26530612244897966,0.26268656716417915,0.8833333333333333,0.5583333333333331,0.21411947245927077,four,0.11698113207547167,3.05,0.4571428571428571,0.125,0.06542056074766356,0.26530612244897966,0.49999999999999994,0.5789473684210527,0.030286480313787778,0.2096774193548387,0,1,0.0,0.1691542288557214,1.0,0.0,0.0,0.0,1.0,0.0,0.0,0.0,0.0,1.0,0.0,1.0,0.0,0.0,0.0,1.0,0.0,0.0,0.0,0.0,1.0,0.0,0.0,0.0,0.0,0.0,0.0
148,1,0.04712041884816753,four,0.26530612244897966,0.26268656716417915,0.8833333333333333,0.5583333333333331,0.20442203258339797,four,0.11698113207547167,3.05,0.4571428571428571,0.125,0.06542056074766356,0.26530612244897966,0.49999999999999994,0.5789473684210527,0.03401022789335187,0.2096774193548387,0,1,0.0,0.1691542288557214,1.0,0.0,0.0,0.0,1.0,0.0,0.0,0.0,0.0,1.0,0.0,1.0,0.0,0.0,0.0,1.0,0.0,0.0,0.0,0.0,1.0,0.0,0.0,0.0,0.0,0.0,0.0
149,0,0.06282722513089006,four,0.26530612244897966,0.4268656716417909,0.8833333333333333,0.9416666666666669,0.30721489526764933,four,0.11698113207547167,3.05,0.4571428571428571,0.125,0.06542056074766356,0.26530612244897966,0.49999999999999994,0.5526315789473684,0.044684970954768866,0.2096774193548387,0,1,0.0,0.1691542288557214,1.0,0.0,0.0,0.0,0.0,0.0,1.0,0.0,0.0,1.0,0.0,1.0,0.0,0.0,0.0,1.0,0.0,0.0,0.0,0.0,1.0,0.0,0.0,0.0,0.0,0.0,0.0
150,0,0.08376963350785338,four,0.26530612244897966,0.4268656716417909,0.8833333333333333,0.9416666666666669,0.3110938712179985,four,0.11698113207547167,3.05,0.4571428571428571,0.125,0.06542056074766356,0.26530612244897966,0.3888888888888889,0.42105263157894735,0.06901345514125415,0.294238683127572,0,1,0.0,0.1691542288557214,1.0,0.0,0.0,0.0,0.0,0.0,1.0,1.0,0.0,0.0,0.0,1.0,0.0,0.0,0.0,1.0,0.0,0.0,0.0,0.0,1.0,0.0,0.0,0.0,0.0,0.0,0.0
151,0,0.13612565445026176,four,0.26530612244897966,0.4268656716417909,0.8833333333333333,0.9416666666666669,0.6291698991466252,four,0.11698113207547167,3.05,0.4571428571428571,0.125,0.06542056074766356,0.26530612244897966,0.3888888888888889,0.42105263157894735,0.09085944094136339,0.294238683127572,0,1,0.0,0.1691542288557214,1.0,0.0,0.0,0.0,0.0,0.0,1.0,1.0,0.0,0.0,0.0,1.0,0.0,0.0,0.0,1.0,0.0,0.0,0.0,0.0,1.0,0.0,0.0,0.0,0.0,0.0,0.0
152,0,0.13612565445026176,four,0.26530612244897966,0.3761194029850752,0.8944444444444445,0.4333333333333331,0.2300232738557021,four,0.139622641509434,3.19,0.4571428571428571,0.125,0.10280373831775702,0.26530612244897966,0.47222222222222215,0.5526315789473684,0.045181470632044085,0.22870370370370358,0,1,0.0,0.1691542288557214,1.0,0.0,0.0,0.0,0.0,1.0,0.0,0.0,0.0,1.0,0.0,1.0,0.0,0.0,0.0,1.0,0.0,0.0,0.0,0.0,1.0,0.0,0.0,0.0,0.0,0.0,0.0
153,0,0.13612565445026176,four,0.26530612244897966,0.3761194029850752,0.8944444444444445,0.4166666666666665,0.24088440651667964,four,0.139622641509434,3.19,0.4571428571428571,0.125,0.10280373831775702,0.26530612244897966,0.47222222222222215,0.5526315789473684,0.0516359664366218,0.22870370370370358,0,1,0.0,0.1691542288557214,1.0,0.0,0.0,0.0,1.0,0.0,0.0,0.0,0.0,1.0,0.0,1.0,0.0,0.0,0.0,1.0,0.0,0.0,0.0,0.0,1.0,0.0,0.0,0.0,0.0,0.0,0.0
154,0,0.13612565445026176,four,0.26530612244897966,0.3761194029850752,0.8944444444444445,0.4333333333333331,0.3052754072924748,four,0.1849056603773585,3.27,0.6095238095238096,0.96875,0.03738317757009346,0.1428571428571428,0.5833333333333333,0.5263157894736842,0.06901345514125415,0.159313725490196,1,0,0.0,0.1691542288557214,1.0,0.0,0.0,0.0,0.0,1.0,0.0,0.0,0.0,1.0,0.0,1.0,0.0,0.0,0.0,1.0,0.0,0.0,0.0,0.0,0.0,0.0,1.0,0.0,0.0,0.0,0.0
155,0,0.13612565445026176,four,0.26530612244897966,0.3761194029850752,0.8944444444444445,0.4166666666666665,0.3052754072924748,four,0.1849056603773585,3.27,0.6095238095238096,0.96875,0.03738317757009346,0.1428571428571428,0.6944444444444444,0.8157894736842104,0.0662827069162405,0.10453216374269009,1,0,0.0,0.1691542288557214,1.0,0.0,0.0,0.0,1.0,0.0,0.0,0.0,0.0,1.0,0.0,1.0,0.0,0.0,0.0,1.0,0.0,0.0,0.0,0.0,0.0,0.0,1.0,0.0,0.0,0.0,0.0
156,0,0.13612565445026176,four,0.26530612244897966,0.3761194029850752,0.8944444444444445,0.4333333333333331,0.23506594259115587,four,0.139622641509434,3.19,0.4571428571428571,0.125,0.10280373831775702,0.26530612244897966,0.6944444444444444,0.8157894736842104,0.06504145772305248,0.10453216374269009,0,1,0.0,0.1691542288557214,1.0,0.0,0.0,0.0,0.0,1.0,0.0,0.0,0.0,1.0,0.0,1.0,0.0,0.0,0.0,1.0,0.0,0.0,0.0,0.0,1.0,0.0,0.0,0.0,0.0,0.0,0.0
157,0,0.13612565445026176,four,0.26530612244897966,0.3761194029850752,0.8944444444444445,0.4166666666666665,0.24592707525213342,four,0.139622641509434,3.19,0.4571428571428571,0.125,0.10280373831775702,0.26530612244897966,0.4166666666666666,0.4736842105263157,0.08043294771858397,0.2708333333333333,0,1,0.0,0.1691542288557214,1.0,0.0,0.0,0.0,1.0,0.0,0.0,0.0,0.0,1.0,0.0,1.0,0.0,0.0,0.0,1.0,0.0,0.0,0.0,0.0,1.0,0.0,0.0,0.0,0.0,0.0,0.0
158,0,0.13612565445026176,four,0.26530612244897966,0.3761194029850752,0.8944444444444445,0.4166666666666665,0.2529092319627618,four,0.139622641509434,3.19,0.4571428571428571,0.125,0.10280373831775702,0.26530612244897966,0.4166666666666666,0.4736842105263157,0.10277543319596841,0.2708333333333333,0,1,0.0,0.1691542288557214,1.0,0.0,0.0,0.0,0.0,1.0,0.0,0.0,0.0,1.0,0.0,1.0,0.0,0.0,0.0,1.0,0.0,0.0,0.0,0.0,1.0,0.0,0.0,0.0,0.0,0.0,0.0
159,1,0.5392670157068062,two,0.23032069970845503,0.4119402985074627,0.8888888888888888,0.3999999999999999,0.26415826221877425,four,0.139622641509434,3.19,0.4571428571428571,0.125,0.10280373831775702,0.26530612244897966,0.44444444444444436,0.4736842105263157,0.07298545255945582,0.2490421455938699,0,1,0.0,0.1691542288557214,1.0,0.0,0.0,0.0,0.0,1.0,0.0,0.0,0.0,0.0,1.0,1.0,0.0,0.0,0.0,1.0,0.0,0.0,0.0,0.0,1.0,0.0,0.0,0.0,0.0,0.0,0.0
160,1,0.5392670157068062,two,0.23032069970845503,0.4119402985074627,0.8888888888888888,0.3999999999999999,0.2777346780449961,four,0.139622641509434,3.19,0.4571428571428571,0.125,0.10280373831775702,0.26530612244897966,0.44444444444444436,0.4736842105263157,0.07745394965493271,0.2490421455938699,0,1,0.0,0.1691542288557214,1.0,0.0,0.0,0.0,1.0,0.0,0.0,0.0,0.0,0.0,1.0,1.0,0.0,0.0,0.0,1.0,0.0,0.0,0.0,0.0,1.0,0.0,0.0,0.0,0.0,0.0,0.0
161,1,0.5392670157068062,two,0.23032069970845503,0.4119402985074627,0.8888888888888888,0.3999999999999999,0.3013964313421257,four,0.139622641509434,3.24,0.480952380952381,0.15000000000000002,0.29906542056074764,0.9999999999999998,0.3611111111111111,0.3421052631578947,0.10376843255051885,0.31944444444444425,0,1,1.0,0.1691542288557214,1.0,0.0,0.0,0.0,0.0,1.0,0.0,0.0,0.0,0.0,1.0,1.0,0.0,1.0,0.0,0.0,0.0,0.0,0.0,0.0,0.0,0.0,0.0,0.0,1.0,0.0,0.0
162,1,0.5392670157068062,two,0.23032069970845503,0.4119402985074627,0.8888888888888888,0.3999999999999999,0.3149728471683475,four,0.139622641509434,3.24,0.480952380952381,0.15000000000000002,0.29906542056074764,0.9999999999999998,0.3611111111111111,0.3421052631578947,0.10972642867782137,0.31944444444444425,0,1,1.0,0.1691542288557214,1.0,0.0,0.0,0.0,1.0,0.0,0.0,0.0,0.0,0.0,1.0,1.0,0.0,1.0,0.0,0.0,0.0,0.0,0.0,0.0,0.0,0.0,0.0,0.0,1.0,0.0,0.0
163,2,0.36125654450261785,two,0.34402332361516086,0.5238805970149256,0.9111111111111108,0.3500000000000001,0.4080682699767262,four,0.32075471698113206,3.62,0.680952380952381,0.14375000000000004,0.3177570093457944,0.26530612244897966,0.3055555555555555,0.368421052631579,0.08269202125018618,0.3761574074074073,0,1,1.0,0.1691542288557214,1.0,0.0,0.0,1.0,0.0,0.0,0.0,0.0,0.0,0.0,1.0,1.0,0.0,0.0,0.0,1.0,0.0,0.0,0.0,0.0,0.0,0.0,0.0,0.0,1.0,0.0,0.0
164,2,0.36125654450261785,two,0.34402332361516086,0.5238805970149256,0.9111111111111108,0.3500000000000001,0.40651667959658644,four,0.32075471698113206,3.62,0.680952380952381,0.14375000000000004,0.3177570093457944,0.26530612244897966,0.3055555555555555,0.368421052631579,0.11223375204806116,0.3761574074074073,0,1,1.0,0.1691542288557214,1.0,0.0,0.0,1.0,0.0,0.0,0.0,0.0,0.0,0.0,1.0,1.0,0.0,0.0,0.0,1.0,0.0,0.0,0.0,0.0,0.0,0.0,0.0,0.0,1.0,0.0,0.0
165,2,0.36125654450261785,two,0.34402332361516086,0.5238805970149256,0.9111111111111108,0.3500000000000001,0.4123351435221102,four,0.32075471698113206,3.62,0.680952380952381,0.14375000000000004,0.3177570093457944,0.26530612244897966,0.3055555555555555,0.368421052631579,0.12092249640037733,0.3761574074074073,0,1,1.0,0.1691542288557214,1.0,0.0,0.0,0.0,1.0,0.0,0.0,0.0,0.0,0.0,1.0,1.0,0.0,0.0,0.0,1.0,0.0,0.0,0.0,0.0,0.0,0.0,0.0,0.0,1.0,0.0,0.0
166,2,0.36125654450261785,two,0.34402332361516086,0.5238805970149256,0.9111111111111108,0.3500000000000001,0.4619860356865788,four,0.32075471698113206,3.62,0.680952380952381,0.14375000000000004,0.3177570093457944,0.26530612244897966,0.3055555555555555,0.368421052631579,0.15096072687552753,0.3761574074074073,0,1,1.0,0.1691542288557214,1.0,0.0,0.0,1.0,0.0,0.0,0.0,0.0,0.0,0.0,1.0,1.0,0.0,0.0,0.0,1.0,0.0,0.0,0.0,0.0,0.0,0.0,0.0,0.0,1.0,0.0,0.0
167,2,0.36125654450261785,two,0.34402332361516086,0.5238805970149256,0.9111111111111108,0.3500000000000001,0.4755624515128005,four,0.32075471698113206,3.62,0.680952380952381,0.14375000000000004,0.3177570093457944,0.26530612244897966,0.3055555555555555,0.368421052631579,0.15964947122784368,0.3761574074074073,0,1,1.0,0.1691542288557214,1.0,0.0,0.0,0.0,1.0,0.0,0.0,0.0,0.0,0.0,1.0,1.0,0.0,0.0,0.0,1.0,0.0,0.0,0.0,0.0,0.0,0.0,0.0,0.0,1.0,0.0,0.0
168,2,0.36125654450261785,two,0.34402332361516086,0.5238805970149256,0.9111111111111108,0.4333333333333331,0.5768037238169124,four,0.32075471698113206,3.62,0.680952380952381,0.14375000000000004,0.3177570093457944,0.26530612244897966,0.3055555555555555,0.368421052631579,0.3115783724740579,0.3761574074074073,0,1,1.0,0.1691542288557214,1.0,0.0,1.0,0.0,0.0,0.0,0.0,0.0,0.0,0.0,1.0,1.0,0.0,0.0,0.0,1.0,0.0,0.0,0.0,0.0,0.0,0.0,0.0,0.0,1.0,0.0,0.0
169,-1,0.0,four,0.46064139941691007,0.5149253731343282,0.9236111111111112,0.5916666666666663,0.3250581846392552,four,0.23018867924528302,3.31,0.7000000000000002,0.10624999999999996,0.20560747663551404,0.020408163265306145,0.44444444444444436,0.4736842105263157,0.09507968819820267,0.2490421455938699,0,1,0.0,0.1691542288557214,1.0,0.0,0.0,0.0,0.0,1.0,0.0,0.0,0.0,1.0,0.0,1.0,0.0,0.0,0.0,1.0,0.0,0.0,0.0,0.0,0.0,0.0,0.0,0.0,1.0,0.0,0.0
170,-1,0.0,four,0.46064139941691007,0.5149253731343282,0.9236111111111112,0.5916666666666663,0.38479441427463146,four,0.1849056603773585,3.27,0.6095238095238096,0.96875,0.11682242990654207,0.1428571428571428,0.47222222222222215,0.4473684210526315,0.13852340995978352,0.22870370370370358,1,0,0.0,0.1691542288557214,0.0,1.0,0.0,0.0,0.0,1.0,0.0,0.0,0.0,1.0,0.0,1.0,0.0,0.0,0.0,1.0,0.0,0.0,0.0,0.0,0.0,0.0,1.0,0.0,0.0,0.0,0.0
171,-1,0.0,four,0.46064139941691007,0.5149253731343282,0.9236111111111112,0.5083333333333333,0.35919317300232734,four,0.23018867924528302,3.31,0.7000000000000002,0.10624999999999996,0.20560747663551404,0.020408163265306145,0.3888888888888889,0.42105263157894735,0.12089767141651359,0.294238683127572,0,1,0.0,0.1691542288557214,1.0,0.0,0.0,0.0,1.0,0.0,0.0,0.0,0.0,1.0,0.0,1.0,0.0,0.0,0.0,1.0,0.0,0.0,0.0,0.0,0.0,0.0,0.0,0.0,1.0,0.0,0.0
172,-1,0.0,four,0.46064139941691007,0.5149253731343282,0.9236111111111112,0.5916666666666663,0.35919317300232734,four,0.23018867924528302,3.31,0.7000000000000002,0.10624999999999996,0.20560747663551404,0.020408163265306145,0.3888888888888889,0.42105263157894735,0.1434884067325356,0.294238683127572,0,1,0.0,0.1691542288557214,1.0,0.0,0.0,0.0,0.0,1.0,0.0,0.0,0.0,1.0,0.0,1.0,0.0,0.0,0.0,1.0,0.0,0.0,0.0,0.0,0.0,0.0,0.0,0.0,1.0,0.0,0.0
173,-1,0.0,four,0.46064139941691007,0.5149253731343282,0.9236111111111112,0.5083333333333333,0.3762606671838634,four,0.23018867924528302,3.31,0.7000000000000002,0.10624999999999996,0.20560747663551404,0.020408163265306145,0.3888888888888889,0.42105263157894735,0.1521771510848518,0.294238683127572,0,1,0.0,0.1691542288557214,1.0,0.0,0.0,0.0,1.0,0.0,0.0,0.0,0.0,1.0,0.0,1.0,0.0,0.0,0.0,1.0,0.0,0.0,0.0,0.0,0.0,0.0,0.0,0.0,1.0,0.0,0.0
174,3,0.6910994764397906,two,0.47521865889212833,0.6328358208955227,0.9402777777777778,0.3500000000000001,0.5771916214119472,six,0.4150943396226415,3.27,0.6095238095238096,0.14375000000000004,0.52803738317757,0.4285714285714286,0.19444444444444448,0.21052631578947367,0.28399781540142,0.523611111111111,0,1,2.0,0.1691542288557214,1.0,0.0,0.0,0.0,1.0,0.0,0.0,0.0,0.0,0.0,1.0,1.0,0.0,1.0,0.0,0.0,0.0,0.0,0.0,0.0,0.0,0.0,0.0,0.0,1.0,0.0,0.0
175,3,0.6910994764397906,two,0.47521865889212833,0.6328358208955227,0.9402777777777778,0.3500000000000001,0.5927075252133436,six,0.4150943396226415,3.27,0.6095238095238096,0.14375000000000004,0.52803738317757,0.4285714285714286,0.16666666666666669,0.21052631578947367,0.2700958244377141,0.5701754385964912,0,1,2.0,0.1691542288557214,1.0,0.0,0.0,0.0,1.0,0.0,0.0,0.0,0.0,0.0,1.0,1.0,0.0,1.0,0.0,0.0,0.0,0.0,0.0,0.0,0.0,0.0,0.0,0.0,1.0,0.0,0.0
176,-1,0.13089005235602097,four,0.5218658892128283,0.6970149253731344,0.9236111111111112,0.5249999999999999,0.6373157486423584,six,0.4150943396226415,3.27,0.6095238095238096,0.13749999999999996,0.5046728971962617,0.4285714285714286,0.19444444444444448,0.21052631578947367,0.2624497294076759,0.523611111111111,0,1,2.0,0.1691542288557214,1.0,0.0,0.0,0.0,0.0,1.0,0.0,0.0,0.0,0.0,1.0,1.0,0.0,1.0,0.0,0.0,0.0,0.0,0.0,0.0,0.0,0.0,0.0,0.0,1.0,0.0,0.0
177,-1,0.29842931937172773,four,0.5218658892128283,0.6970149253731344,0.9236111111111112,0.5249999999999999,0.6450737005430567,six,0.3773584905660377,3.27,0.6095238095238096,0.13749999999999996,0.5046728971962617,0.4285714285714286,0.16666666666666669,0.21052631578947367,0.2639392284395015,0.5701754385964912,0,1,2.0,0.1691542288557214,1.0,0.0,0.0,0.0,0.0,0.0,1.0,0.0,0.0,0.0,1.0,1.0,0.0,1.0,0.0,0.0,0.0,0.0,0.0,0.0,0.0,0.0,0.0,0.0,1.0,0.0,0.0
178,2,0.29842931937172773,two,0.31195335276967917,0.4567164179104477,0.9097222222222222,0.6583333333333337,0.29984484096198605,four,0.1358490566037736,3.01,0.6333333333333333,1.0,0.01869158878504673,0.26530612244897966,0.6666666666666665,0.7894736842105263,0.06595998212601162,0.11711711711711725,1,0,0.0,0.05970149253731343,1.0,0.0,0.0,0.0,0.0,1.0,0.0,0.0,0.0,1.0,0.0,1.0,0.0,0.0,0.0,1.0,0.0,0.0,0.0,0.0,0.0,0.0,1.0,0.0,0.0,0.0,0.0
179,2,0.29842931937172773,two,0.31195335276967917,0.4567164179104477,0.9097222222222222,0.6583333333333337,0.2796741660201707,four,0.18113207547169813,3.19,0.6333333333333333,0.125,0.17289719626168226,0.4489795918367345,0.3888888888888889,0.4736842105263157,0.0709249788987637,0.294238683127572,0,1,0.0,0.05970149253731343,1.0,0.0,0.0,0.0,0.0,1.0,0.0,0.0,0.0,1.0,0.0,1.0,0.0,0.0,0.0,1.0,0.0,0.0,0.0,0.0,0.0,0.0,0.0,0.0,1.0,0.0,0.0
180,2,0.1518324607329843,four,0.31195335276967917,0.4567164179104477,0.9097222222222222,0.6583333333333337,0.3010085337470908,four,0.1358490566037736,3.01,0.6333333333333333,1.0,0.01869158878504673,0.26530612244897966,0.6666666666666665,0.7894736842105263,0.07142147857603892,0.11711711711711725,1,0,0.0,0.05970149253731343,1.0,0.0,0.0,0.0,0.0,1.0,0.0,0.0,0.0,1.0,0.0,1.0,0.0,0.0,0.0,1.0,0.0,0.0,0.0,0.0,0.0,0.0,1.0,0.0,0.0,0.0,0.0
181,2,0.1518324607329843,four,0.31195335276967917,0.4567164179104477,0.9097222222222222,0.6583333333333337,0.28083785880527545,four,0.18113207547169813,3.19,0.6333333333333333,0.125,0.17289719626168226,0.4489795918367345,0.3888888888888889,0.4736842105263157,0.076386475348791,0.294238683127572,0,1,0.0,0.05970149253731343,1.0,0.0,0.0,0.0,0.0,1.0,0.0,0.0,0.0,1.0,0.0,1.0,0.0,0.0,0.0,1.0,0.0,0.0,0.0,0.0,0.0,0.0,0.0,0.0,1.0,0.0,0.0
182,2,0.1518324607329843,four,0.31195335276967917,0.4567164179104477,0.9097222222222222,0.6583333333333337,0.3052754072924748,four,0.18113207547169813,3.19,0.6333333333333333,0.125,0.17289719626168226,0.4489795918367345,0.3888888888888889,0.4736842105263157,0.08383397050791916,0.294238683127572,0,1,0.0,0.05970149253731343,1.0,0.0,0.0,0.0,0.0,1.0,0.0,0.0,0.0,1.0,0.0,1.0,0.0,0.0,0.0,1.0,0.0,0.0,0.0,0.0,0.0,0.0,0.0,0.0,1.0,0.0,0.0
183,2,0.1518324607329843,four,0.31195335276967917,0.4567164179104477,0.9097222222222222,0.6583333333333337,0.3223429014740109,four,0.1358490566037736,3.01,0.6333333333333333,1.0,0.09345794392523366,0.1428571428571428,0.6666666666666665,0.6842105263157894,0.10865895437167966,0.11711711711711725,1,0,0.0,0.05970149253731343,0.0,1.0,0.0,0.0,0.0,1.0,0.0,0.0,0.0,1.0,0.0,1.0,0.0,0.0,0.0,1.0,0.0,0.0,0.0,0.0,0.0,0.0,1.0,0.0,0.0,0.0,0.0
184,2,0.1518324607329843,four,0.31195335276967917,0.4567164179104477,0.9097222222222222,0.6583333333333337,0.3149728471683475,four,0.18113207547169813,3.19,0.6333333333333333,0.1875,0.24299065420560745,0.5510204081632655,0.3611111111111111,0.42105263157894735,0.1210714463035599,0.31944444444444425,0,1,0.0,0.05970149253731343,1.0,0.0,0.0,0.0,0.0,1.0,0.0,0.0,0.0,1.0,0.0,1.0,0.0,0.0,0.0,1.0,0.0,0.0,0.0,0.0,0.0,0.0,0.0,0.0,1.0,0.0,0.0
185,3,0.29842931937172773,two,0.23032069970845503,0.2716417910447766,0.8916666666666667,0.6499999999999999,0.29712955779674166,four,0.18113207547169813,3.19,0.6333333333333333,0.09375,0.19626168224299068,0.5510204081632655,0.3055555555555555,0.3421052631578947,0.1607914204855767,0.3761574074074073,0,1,0.0,0.05970149253731343,1.0,0.0,1.0,0.0,0.0,0.0,0.0,0.0,0.0,1.0,0.0,1.0,0.0,0.0,0.0,1.0,0.0,0.0,0.0,0.0,0.0,0.0,0.0,0.0,1.0,0.0,0.0
186,3,1.0,two,0.23032069970845503,0.3671641791044773,0.8888888888888888,0.30000000000000027,0.2843289371605896,four,0.18113207547169813,3.19,0.6333333333333333,0.09375,0.19626168224299068,0.5510204081632655,0.3055555555555555,0.3421052631578947,0.1206990715456035,0.3761574074074073,0,1,0.0,0.05970149253731343,1.0,0.0,0.0,0.0,1.0,0.0,0.0,0.0,0.0,1.0,0.0,1.0,0.0,0.0,0.0,1.0,0.0,0.0,0.0,0.0,0.0,0.0,0.0,0.0,1.0,0.0,0.0
187,0,0.29842931937172773,four,0.40233236151603524,0.5835820895522379,0.9291666666666668,0.6083333333333338,0.4550038789759503,five,0.2830188679245283,3.19,0.6333333333333333,0.09375,0.2897196261682243,0.5510204081632655,0.16666666666666669,0.21052631578947367,0.20299389305396953,0.5701754385964912,0,1,1.0,0.05970149253731343,1.0,0.0,0.0,0.0,0.0,1.0,0.0,0.0,0.0,1.0,0.0,1.0,0.0,0.0,0.0,1.0,0.0,0.0,0.0,0.0,0.0,0.0,0.0,0.0,1.0,0.0,0.0
188,0,0.29842931937172773,four,0.40233236151603524,0.5835820895522379,0.9291666666666668,0.6083333333333338,0.42319627618308764,four,0.1358490566037736,3.01,0.6333333333333333,1.0,0.09345794392523366,0.1428571428571428,0.5555555555555556,0.5789473684210527,0.21664763417903776,0.17508417508417512,1,0,0.0,0.05970149253731343,0.0,1.0,0.0,0.0,0.0,1.0,0.0,0.0,0.0,1.0,0.0,1.0,0.0,0.0,0.0,1.0,0.0,0.0,0.0,0.0,0.0,0.0,1.0,0.0,0.0,0.0,0.0
189,0,0.29842931937172773,four,0.40233236151603524,0.6268656716417911,0.9291666666666668,0.6083333333333338,0.4169899146625291,four,0.18113207547169813,3.19,0.6333333333333333,0.125,0.1869158878504673,0.5510204081632655,0.3333333333333333,0.39473684210526316,0.1780447842708902,0.3466666666666666,0,1,0.0,0.05970149253731343,1.0,0.0,0.0,0.0,0.0,0.0,1.0,0.0,0.0,1.0,0.0,1.0,0.0,0.0,0.0,1.0,0.0,0.0,0.0,0.0,0.0,0.0,0.0,0.0,1.0,0.0,0.0
190,-2,0.19895287958115188,four,0.5160349854227406,0.711940298507463,0.9333333333333332,0.7000000000000006,0.5523661753297129,four,0.3018867924528302,3.78,0.5142857142857142,0.15625,0.308411214953271,0.5102040816326532,0.27777777777777773,0.3157894736842105,0.19418102378233454,0.4082125603864734,0,1,1.0,0.05472636815920398,1.0,0.0,0.0,0.0,0.0,1.0,0.0,0.0,0.0,0.0,1.0,1.0,0.0,0.0,0.0,1.0,0.0,0.0,0.0,0.0,0.0,0.0,0.0,0.0,1.0,0.0,0.0
191,-1,0.04712041884816753,four,0.5160349854227406,0.711940298507463,0.9333333333333332,0.8083333333333331,0.5996896819239721,four,0.3018867924528302,3.78,0.5142857142857142,0.15625,0.308411214953271,0.5102040816326532,0.27777777777777773,0.3157894736842105,0.2059728911176208,0.4082125603864734,0,1,1.0,0.05472636815920398,1.0,0.0,0.0,0.0,0.0,0.0,1.0,0.0,0.0,0.0,1.0,1.0,0.0,0.0,0.0,1.0,0.0,0.0,0.0,0.0,0.0,0.0,0.0,0.0,1.0,0.0,0.0
192,-2,0.19895287958115188,four,0.5160349854227406,0.711940298507463,0.9333333333333332,0.7000000000000006,0.5612878200155158,four,0.3018867924528302,3.78,0.5142857142857142,0.15625,0.308411214953271,0.5102040816326532,0.3055555555555555,0.3157894736842105,0.26977309964748525,0.3761574074074073,0,1,1.0,0.05472636815920398,1.0,0.0,0.0,0.0,0.0,1.0,0.0,0.0,0.0,0.0,1.0,1.0,0.0,0.0,0.0,1.0,0.0,0.0,0.0,0.0,0.0,0.0,0.0,0.0,1.0,0.0,0.0
193,-1,0.04712041884816753,four,0.5160349854227406,0.711940298507463,0.9333333333333332,0.8083333333333331,0.6027928626842514,four,0.3018867924528302,3.78,0.5142857142857142,0.15625,0.308411214953271,0.5102040816326532,0.3055555555555555,0.3157894736842105,0.2829303410952783,0.3761574074074073,0,1,1.0,0.05472636815920398,1.0,0.0,0.0,0.0,0.0,0.0,1.0,0.0,0.0,0.0,1.0,1.0,0.0,0.0,0.0,1.0,0.0,0.0,0.0,0.0,0.0,0.0,0.0,0.0,1.0,0.0,0.0
194,-2,0.19895287958115188,four,0.5160349854227406,0.711940298507463,0.9333333333333332,0.7000000000000006,0.603956555469356,four,0.26037735849056604,3.62,0.5142857142857142,0.03125,0.5327102803738317,0.3877551020408163,0.1111111111111111,0.1578947368421053,0.330221935355742,0.6797385620915033,0,1,2.0,0.05472636815920398,0.0,1.0,0.0,0.0,0.0,1.0,0.0,0.0,0.0,0.0,1.0,1.0,0.0,0.0,0.0,1.0,0.0,0.0,0.0,0.0,0.0,0.0,0.0,0.0,1.0,0.0,0.0
195,-1,0.04712041884816753,four,0.5160349854227406,0.711940298507463,0.9333333333333332,0.8083333333333331,0.6474010861132662,four,0.26037735849056604,3.62,0.5142857142857142,0.03125,0.5327102803738317,0.3877551020408163,0.1111111111111111,0.1578947368421053,0.3433791768035351,0.6797385620915033,0,1,2.0,0.05472636815920398,0.0,1.0,0.0,0.0,0.0,0.0,1.0,0.0,0.0,0.0,1.0,1.0,0.0,0.0,0.0,1.0,0.0,0.0,0.0,0.0,0.0,0.0,0.0,0.0,1.0,0.0,0.0
196,-1,0.15706806282722513,four,0.6559766763848396,0.711940298507463,0.9569444444444444,0.641666666666667,0.5678820791311094,four,0.3018867924528302,3.78,0.5142857142857142,0.15625,0.308411214953271,0.5102040816326532,0.27777777777777773,0.3157894736842105,0.29112258577031924,0.4082125603864734,0,1,1.0,0.05472636815920398,1.0,0.0,0.0,0.0,0.0,1.0,0.0,0.0,0.0,0.0,1.0,1.0,0.0,0.0,0.0,1.0,0.0,0.0,0.0,0.0,0.0,0.0,0.0,0.0,1.0,0.0,0.0
197,-1,0.15706806282722513,four,0.6559766763848396,0.711940298507463,0.9555555555555556,0.641666666666667,0.6055081458494957,four,0.3018867924528302,3.78,0.5142857142857142,0.10624999999999996,0.5233644859813085,0.4693877551020409,0.16666666666666669,0.23684210526315785,0.34573755027059233,0.5701754385964912,0,1,2.0,0.05472636815920398,0.0,1.0,0.0,0.0,0.0,1.0,0.0,0.0,0.0,0.0,1.0,1.0,0.0,0.0,0.0,1.0,0.0,0.0,0.0,0.0,0.0,0.0,0.0,0.0,1.0,0.0,0.0
198,-1,0.15706806282722513,four,0.6559766763848396,0.711940298507463,0.9569444444444444,0.641666666666667,0.591155934833204,six,0.4226415094339622,3.58,0.38095238095238115,0.11250000000000004,0.40186915887850466,0.5510204081632655,0.1388888888888889,0.1842105263157895,0.4063105108981679,0.6219135802469136,0,1,1.0,0.05472636815920398,1.0,0.0,0.0,0.0,0.0,1.0,0.0,0.0,0.0,0.0,1.0,1.0,0.0,0.0,0.0,0.0,0.0,1.0,0.0,0.0,0.0,0.0,0.0,0.0,1.0,0.0,0.0
199,-1,0.15706806282722513,four,0.6559766763848396,0.711940298507463,0.9569444444444444,0.641666666666667,0.6706749418153608,six,0.3169811320754717,3.01,0.6333333333333333,1.0,0.27102803738317754,0.26530612244897966,0.3611111111111111,0.2894736842105263,0.43076312000397204,0.31944444444444425,1,0,1.0,0.05472636815920398,0.0,1.0,0.0,0.0,0.0,1.0,0.0,0.0,0.0,0.0,1.0,1.0,0.0,0.0,0.0,1.0,0.0,0.0,0.0,0.0,0.0,0.0,1.0,0.0,0.0,0.0,0.0
200,-1,0.15706806282722513,four,0.6559766763848396,0.711940298507463,0.9569444444444444,0.641666666666667,0.6105508145849496,four,0.3018867924528302,3.78,0.5142857142857142,0.15625,0.308411214953271,0.5102040816326532,0.16666666666666669,0.23684210526315785,0.4346109925028549,0.5701754385964912,0,1,1.0,0.05472636815920398,0.0,1.0,0.0,0.0,0.0,1.0,0.0,0.0,0.0,0.0,1.0,1.0,0.0,0.0,0.0,1.0,0.0,0.0,0.0,0.0,0.0,0.0,0.0,0.0,1.0,0.0,0.0
